FECHA,ATM,AGU,LDO,MIR,CEN,OBL,PIN,TLA,SFE,VAL
2017-01-01,2.041666666666668,2.0916666666666677,1.6708333333333332,,1.820833333333334,2.529166666666666,,3.1291666666666678,2.4583333333333326,1.5666666666666669
2017-01-02,2.510416666666667,2.0458333333333334,2.8083333333333327,,1.8354166666666671,2.9604166666666663,,3.5041666666666673,2.8499999999999996,1.5250000000000001
2017-01-03,2.701388888888889,2.1083333333333334,2.951388888888889,,1.8513888888888888,3.223611111111111,,3.7013888888888893,3.188888888888888,1.5333333333333337
2017-01-04,2.753125,2.184375,2.7427083333333333,,1.8697916666666667,3.1666666666666665,,3.951041666666667,3.432291666666666,1.6364583333333336
2017-01-05,2.833333333333333,2.355,2.7891666666666666,,1.884166666666667,3.3850000000000002,,4.019166666666666,3.5449999999999986,1.5700000000000003
2017-01-06,2.867361111111111,2.469444444444444,3.109027777777778,,1.901388888888889,3.5055555555555555,,4.168749999999999,3.822222222222221,1.5555555555555556
2017-01-07,2.92797619047619,2.496428571428571,3.1464285714285714,,1.9011904761904765,3.4613095238095237,,4.238095238095238,3.990476190476189,1.5
2017-01-08,2.995833333333333,2.50297619047619,3.4499999999999993,,1.89702380952381,3.5952380952380953,,4.205952380952381,4.07797619047619,1.4434523809523807
2017-01-09,2.9351190476190476,2.580357142857142,3.526785714285714,,1.8952380952380954,3.6285714285714286,,4.105357142857143,4.188095238095237,1.4541666666666666
2017-01-10,3.0220238095238092,2.622023809523809,3.4499999999999993,,1.9059523809523813,3.7089285714285714,,4.225595238095237,4.347023809523808,1.475595238095238
2017-01-11,3.1886904761904766,2.6273809523809515,3.5994987468671678,,1.9440476190476192,3.9482142857142857,,4.358928571428571,4.435119047619047,1.3607142857142855
2017-01-12,3.307142857142857,2.6958333333333324,4.004260651629073,,1.948809523809524,4.137499999999999,,4.486309523809523,4.549999999999999,1.4297619047619046
2017-01-13,3.304166666666667,2.6630952380952375,3.504260651629073,,1.9351190476190478,4.109523809523808,,4.4172619047619035,4.35595238095238,1.4470238095238095
2017-01-14,3.200595238095239,2.6702380952380946,3.259617794486216,,1.9232142857142858,4.179166666666666,,4.342261904761904,4.183333333333334,1.4797619047619046
2017-01-15,3.2571428571428576,2.648809523809523,2.8628104351788566,,1.9416666666666667,4.192857142857142,,4.47595238095238,4.251190476190476,1.506547619047619
2017-01-16,3.3285714285714296,2.573809523809523,2.5927232854864437,,1.9428571428571426,4.119642857142855,,4.630714285714285,4.124999999999999,1.520833333333333
2017-01-17,3.1458333333333344,2.619047619047618,2.5712679425837326,,1.9136904761904763,4.044642857142856,,4.445232919254658,3.772619047619046,1.4886904761904758
2017-01-18,2.8654761904761914,2.6345238095238086,2.537207792207793,,1.8535714285714289,3.862499999999999,,4.176780538302277,3.5077380952380937,1.5577380952380946
2017-01-19,2.5482142857142867,2.307142857142856,1.8088744588744599,,1.823214285714286,3.490476190476189,,3.962494824016563,3.1595238095238076,1.5142857142857133
2017-01-20,2.3416666666666677,2.136904761904761,2.1372077922077932,,1.805357142857143,3.482142857142856,,3.829161490683229,2.9380952380952365,1.4833333333333325
2017-01-21,2.2970238095238105,1.9714285714285706,2.150995670995672,,1.8000000000000003,3.647619047619046,,3.8124948240165626,2.8261904761904746,1.5101190476190471
2017-01-22,2.2940476190476202,1.9440476190476181,2.457359307359308,,1.8071428571428574,3.748809523809523,,3.9883281573498954,2.9249999999999985,1.50297619047619
2017-01-23,2.37857142857143,19.625595238095233,2.210993867243868,,1.8261904761904766,3.923809523809523,,4.014518633540372,3.1607142857142847,1.477380952380952
2017-01-24,2.5047619047619056,19.687344720496892,2.2272804576376015,2.641666666666667,1.843918219461698,3.874999999999999,,4.060714285714285,3.2924689440993777,1.4988095238095238
2017-01-25,2.560119047619048,19.567831262939954,2.1199675324675336,2.864311594202899,1.8518115942028988,3.8625517598343673,,4.095238095238094,3.3037784679089026,1.5107660455486542
2017-01-26,2.671428571428572,19.763069358178047,2.1693722943722955,2.7275966183574885,1.8672877846790894,3.9911231884057963,,4.208333333333332,3.3543737060041403,1.5196946169772259
2017-01-27,2.9386904761904766,20.024974120082813,1.956277056277057,3.2040307971014497,1.8863354037267084,3.986361283643892,,4.392261904761903,3.4954451345755686,1.5363612836438925
2017-01-28,3.0470238095238096,20.168426501035196,2.1482142857142867,3.4457246376811597,1.892287784679089,3.8310041407867494,,4.431547619047618,3.5406832298136646,1.529218426501035
2017-01-29,2.949404761904762,20.15711697722567,2.0125000000000006,3.3679649758454104,1.858359213250518,3.6310041407867493,,4.175595238095238,3.3162784679089023,1.5458850931677017
2017-01-30,2.8029761904761905,2.4481884057971044,2.0761904761904773,3.3403985507246374,1.8184782608695653,3.4149327122153204,,4.0214285714285705,3.021040372670807,1.590527950310559
2017-01-31,2.714285714285715,2.3001293995859244,1.9928571428571433,3.7814699792960655,1.8156314699792961,3.353623188405797,,4.047619047619048,2.9541666666666666,1.59945652173913
2018-01-01,2.6601190476190477,2.5148809523809557,1.8845238095238102,3.510119047619047,1.9142857142857144,3.2732142857142854,,4.075,3.070238095238095,1.591071428571428
2018-01-02,2.6059523809523815,2.6744047619047655,1.776190476190477,3.3095238095238084,1.9327380952380953,3.0624999999999996,,3.9791666666666674,3.2309523809523806,1.572619047619047
2018-01-03,2.4095238095238103,2.742261904761908,1.9214285714285722,2.810714285714285,2.0107142857142852,2.8220238095238095,,3.8303571428571446,3.3386904761904765,1.5708333333333324
2018-01-04,2.3279761904761904,2.7434523809523843,1.6244047619047626,2.349404761904761,2.081547619047619,2.4779761904761903,,3.7446428571428587,3.4077380952380953,1.5547619047619041
2018-01-05,2.3446428571428575,3.001785714285717,1.482738095238096,2.088690476190475,2.180952380952381,2.385119047619048,,3.798214285714287,3.5875,1.5529761904761894
2018-01-06,2.352380952380953,3.200595238095241,1.5732142857142866,1.7988095238095232,2.2511904761904766,2.393452380952381,,3.9261904761904773,3.8613095238095236,1.5011904761904753
2018-01-07,2.2726190476190484,3.4660714285714316,1.7333333333333338,1.1369047619047614,2.3214285714285716,2.2833333333333328,,3.8053571428571438,4.173809523809524,1.4660714285714276
2018-01-08,2.2410714285714297,3.596428571428574,1.9696428571428577,1.1285714285714283,2.322619047619048,2.279761904761905,,3.7571428571428576,4.289880952380953,1.4550324675324664
2018-01-09,2.332738095238096,3.670833333333336,1.9273809523809529,1.1398809523809523,2.396428571428571,2.376785714285714,,3.7291666666666674,4.60654761904762,1.4614267676767665
2018-01-10,2.4125000000000005,3.626785714285717,2.044642857142857,1.1333333333333333,2.452976190476191,2.4380952380952383,,3.771428571428572,4.868452380952382,1.5166618104118097
2018-01-11,2.5079761904761915,3.7119047619047647,2.482738095238096,1.1226190476190478,2.4797619047619053,2.550595238095238,,3.8553571428571436,4.871428571428574,1.5583284770784762
2018-01-12,2.4823268398268405,3.7648809523809557,2.4476190476190482,1.1202380952380955,2.521428571428572,2.5363095238095235,,3.883928571428572,5.17857142857143,1.5472173659673651
2018-01-13,2.560303030303031,3.7976190476190506,2.4279761904761914,1.136309523809524,2.6744047619047624,2.554761904761904,,3.8684523809523816,5.525000000000001,1.5354118104118095
2018-01-14,2.576969696969697,3.680357142857146,2.464285714285715,1.1244047619047621,2.658928571428572,2.5809523809523807,,3.7660714285714296,5.494642857142859,1.5215229215229207
2018-01-15,2.783517316017316,3.6714285714285753,2.346428571428572,1.129761904761905,2.629891304347827,2.6309523809523805,,3.595833333333334,5.837681159420292,1.5149572649572645
2018-01-16,2.99482683982684,3.7577380952380985,2.346428571428572,1.1625,2.8745341614906845,2.8083333333333327,,3.5422619047619053,5.955538302277435,1.498534798534798
2018-01-17,3.060898268398269,3.807738095238099,2.0625000000000004,1.1648809523809525,2.7209627329192556,2.880357142857142,,3.3482142857142865,5.690657349896482,1.4523809523809517
2018-01-18,2.8987554112554115,3.9321428571428605,1.5446428571428574,1.1624999999999999,2.76322463768116,2.9589285714285705,,3.238095238095238,5.7412525879917204,1.4360119047619042
2018-01-19,2.965476190476191,3.958928571428574,1.802976190476191,1.1767857142857139,2.7656055900621124,2.945833333333332,,3.238095238095238,5.395419254658387,1.4425595238095232
2018-01-20,2.7553571428571435,3.8898809523809557,1.899404761904762,1.1410714285714283,2.6364389233954455,2.917261904761903,,3.2214285714285715,5.037681159420291,1.4729166666666662
2018-01-21,2.7428571428571438,3.939285714285717,1.4970238095238095,1.1565476190476185,2.706677018633541,2.910714285714284,,3.250595238095238,4.930538302277433,1.496130952380952
2018-01-22,2.688095238095239,3.9238095238095263,1.6773809523809526,1.16547619047619,2.810119047619048,2.9405952380952365,,3.3202380952380954,4.501345755693582,1.5044642857142856
2018-01-23,2.5797619047619054,4.000595238095241,1.7363095238095239,1.1357142857142852,2.6369047619047628,2.634166666666666,,3.442857142857143,3.982298136645963,1.4889880952380952
2018-01-24,2.3434523809523813,4.092857142857145,2.130952380952381,1.1309523809523805,2.678571428571429,2.4645238095238087,,3.322619047619048,3.9830486542443064,1.450892857142857
2018-01-25,2.3093614718614726,3.911904761904764,2.621428571428571,1.138095238095238,2.565476190476191,2.40797619047619,,3.207738095238096,3.762810559006211,1.4458333333333333
2018-01-26,2.258838383838384,3.8744047619047643,2.696428571428571,1.1297619047619045,2.555952380952381,2.6496428571428567,,3.150000000000001,3.717572463768116,1.4720238095238096
2018-01-27,2.3606060606060613,3.9904761904761927,2.8119047619047617,1.145833333333333,2.532738095238096,2.6907142857142854,,2.9083333333333345,3.6216097308488613,1.4363095238095238
2018-01-28,2.4142992424242435,4.048809523809527,3.0767857142857133,1.1428571428571428,2.3994047619047625,2.5603571428571428,,2.801190476190477,3.537085921325052,1.4059523809523806
2018-01-29,2.2315656565656576,3.994047619047621,2.5803571428571415,1.132738095238095,2.217261904761905,2.3905952380952376,,2.6273809523809533,3.3893115942028986,1.4119047619047616
2018-01-30,1.5848484848484865,3.900000000000003,2.69861111111111,1.1113095238095236,2.060119047619048,2.402380952380952,,2.3541666666666674,3.4321687370600418,1.423214285714285
2018-01-31,1.7363636363636399,3.9970238095238124,2.444166666666665,1.1166666666666667,1.9972402597402605,2.483928571428571,,2.4684523809523813,3.368918219461698,1.442857142857142
2019-01-01,3.0208333333333353,3.9023809523809554,2.049999999999999,1.1930555555555555,1.995391414141415,2.585714285714285,6.687500000000002,2.9005952380952382,3.391537267080746,1.44345238095238
2019-01-02,2.518750000000001,3.7142857142857175,1.9574999999999987,1.3305555555555555,1.8603030303030312,2.301190476190475,5.9229166666666675,3.1023809523809525,3.458203933747413,1.4535714285714276
2019-01-03,2.625000000000001,3.6065476190476224,1.818333333333332,1.5638888888888889,1.7764204545454554,2.161309523809524,5.472222222222222,3.5065476190476197,3.6005952380952393,1.526190476190475
2019-01-04,2.659375000000001,3.4416666666666695,1.7891666666666652,1.776388888888889,1.7685606060606074,2.3732142857142855,5.700000000000001,4.007738095238095,3.4595238095238106,1.5720238095238084
2019-01-05,2.792500000000001,3.3678571428571455,2.2316666666666656,2.011111111111111,1.7674242424242443,2.55,5.881666666666668,4.550595238095238,3.2946428571428585,1.5773809523809512
2019-01-06,2.628472222222223,2.937500000000003,2.2444444444444436,2.0444444444444443,1.6181818181818222,2.530357142857143,5.77138888888889,4.957738095238096,3.3482142857142874,1.634963768115941
2019-01-07,2.5297619047619055,2.4797619047619075,2.2589285714285707,1.9797619047619048,,2.4535714285714287,6.163674948240166,5.3654761904761905,3.6994047619047636,1.653416149068322
2019-01-08,2.5797619047619054,2.5940476190476214,2.1964285714285707,2.094047619047619,,2.4982142857142855,6.261889233954451,5.286904761904762,3.9208333333333343,1.6825828157349887
2019-01-09,2.668452380952382,2.644047619047621,2.0559523809523803,2.1440476190476194,,2.7708333333333335,6.280341614906833,5.22202380952381,4.012500000000001,1.6599637681159414
2019-01-10,2.604166666666668,2.468452380952383,1.9261904761904751,1.9684523809523806,4.566666666666671,2.7101190476190475,6.41546066252588,5.092261904761906,3.4505952380952394,1.63853519668737
2019-01-11,2.546825396825398,2.3750000000000027,1.8291666666666657,1.8749999999999998,5.4458333333333355,2.5910714285714285,6.266055900621118,4.9803571428571445,3.64107142857143,1.6409161490683224
2019-01-12,2.4128968253968264,2.1922619047619074,1.7107142857142845,1.6922619047619045,5.258333333333335,2.3928571428571423,6.139270186335403,4.798809523809526,4.001190476190477,1.633178053830227
2019-01-13,2.5093253968253983,2.1494047619047647,1.5047619047619039,1.6494047619047616,4.841666666666668,2.4178571428571423,6.114984472049689,4.725595238095239,3.9029761904761906,1.617857142857142
2019-01-14,2.6003968253968273,2.145238095238098,1.3005952380952372,1.645238095238095,4.724166666666667,2.420833333333333,5.489880952380953,4.530357142857143,3.760119047619048,1.6452380952380943
2019-01-15,2.4164682539682554,1.9928571428571455,1.1867673992673982,1.4928571428571429,4.198611111111112,2.057738095238095,5.011904761904762,4.286904761904762,3.692857142857143,1.6023809523809518
2019-01-16,2.54325396825397,1.843452380952383,1.176228632478631,1.3434523809523806,4.404166666666668,1.8601190476190468,4.970833333333333,4.283928571428572,3.542857142857143,1.6624084249084239
2019-01-17,2.488492063492065,1.9970238095238118,1.1156225718725705,1.4970238095238093,4.101190476190477,1.9327380952380948,4.94702380952381,4.320833333333335,3.95,1.6475274725274716
2019-01-18,2.4559523809523824,2.041071428571431,1.430205905205904,1.5410714285714284,3.48452380952381,2.0559523809523803,4.932738095238095,4.198214285714287,3.9940476190476186,1.6546703296703291
2019-01-19,2.6202380952380966,2.1464285714285736,1.4718725718725707,1.6464285714285714,3.6446428571428577,2.0910714285714285,5.038095238095237,4.323809523809524,3.7714285714285714,1.6528846153846148
2019-01-20,2.449404761904763,2.130952380952383,1.5346745042397203,1.6358695652173911,4.064880952380953,1.992857142857143,4.857738095238094,4.319642857142858,3.532142857142858,1.6635989010989007
2019-01-21,2.424404761904763,2.233333333333335,1.6548133931286093,1.7382505175983436,3.751785714285716,2.2505952380952383,5.1964285714285685,4.4,3.1863095238095243,1.647527472527472
2019-01-22,2.522023809523811,2.3208333333333355,1.9431680939833103,1.8257505175983437,4.019642857142859,2.6565476190476196,5.419047619047617,4.641666666666668,2.7613095238095244,1.6772893772893769
2019-01-23,2.34637445887446,2.3660714285714315,1.881644080557123,1.8709886128364388,3.6839285714285728,2.7029761904761904,5.466666666666664,4.614880952380954,2.810714285714287,1.6244047619047615
2019-01-24,2.509469696969698,2.2988095238095263,2.045496894409937,1.803726708074534,3.9113095238095243,2.7190476190476187,5.511904761904759,4.661309523809525,2.7297619047619053,1.6738095238095234
2019-01-25,2.5279220779220792,2.333333333333336,1.6794254658385086,1.8382505175983435,4.237500000000001,2.580952380952381,5.536309523809521,4.781547619047621,2.744642857142858,1.659523809523809
2019-01-26,2.3779220779220793,2.213095238095241,1.6139492753623181,1.7180124223602482,3.9541666666666684,2.6684523809523815,5.297023809523808,4.651785714285715,2.860714285714286,1.6809523809523803
2019-01-27,2.5761363636363646,2.3267857142857173,1.5648809523809517,1.8267857142857138,3.434523809523811,2.7166666666666672,5.456547619047618,4.719047619047621,3.2875,1.6226190476190467
2019-01-28,2.5362554112554125,2.3517857142857173,1.579166666666666,1.8517857142857137,3.701190476190478,2.7720238095238106,5.633333333333332,4.8345238095238106,3.304761904761905,1.6504399585921317
2019-01-29,2.429707792207793,2.443452380952384,1.5946428571428566,1.9434523809523803,3.6720238095238114,2.645833333333334,5.6636904761904745,4.898809523809525,3.7880952380952384,1.637939958592132
2019-01-30,2.4523809523809534,2.5428571428571454,1.5982142857142851,2.0428571428571423,3.8238095238095253,2.855357142857143,5.879761904761903,4.921428571428572,4.003571428571428,1.611154244306417
2019-01-31,2.3898809523809534,2.5869047619047647,1.4374999999999993,2.086904761904761,3.961904761904764,3.213095238095238,6.096428571428571,4.993452380952381,4.210119047619047,1.5425936382458112
2017-02-01,2.4494047619047628,2.464880952380955,1.6089285714285706,2.099404761904761,3.6107142857142875,3.388095238095238,6.2111111111111095,4.870238095238095,3.9035714285714276,1.4949745906267637
2017-02-02,2.4488095238095244,2.551785714285717,1.7077380952380945,2.330357142857142,3.3041666666666685,3.621428571428571,6.496666666666664,4.795833333333333,3.7845238095238085,1.4556888763410492
2017-02-03,2.4845238095238105,2.626190476190479,1.8654761904761898,2.4654761904761893,3.156547619047621,3.9994047619047612,6.894791666666664,4.639880952380952,3.63095238095238,1.4604507811029541
2017-02-04,2.6220238095238106,2.5470238095238122,1.8369047619047614,2.679761904761904,2.8464285714285733,3.89345238095238,6.609722222222218,4.398809523809524,3.7172619047619038,1.4094155844155836
2017-02-05,2.6309523809523823,2.3589285714285744,1.5136904761904755,2.7196428571428566,2.64107142857143,3.966666666666666,7.014583333333327,4.159523809523809,3.514880952380951,1.3463203463203455
2017-02-06,2.5488095238095254,2.195833333333336,1.536309523809523,2.7041666666666657,2.277380952380954,4.001785714285714,7.183333333333322,4.027380952380952,3.138690476190475,1.3659632034632025
2017-02-07,2.5797619047619063,2.0363095238095266,1.6380952380952376,2.9285714285714275,1.8273809523809539,3.896428571428571,,3.880952380952381,2.9642857142857135,1.3690476190476182
2017-02-08,2.667857142857144,2.1869047619047643,1.6505952380952376,3.5095238095238086,1.8369047619047636,3.9952380952380953,,3.803174603174603,3.260119047619047,1.4273809523809515
2017-02-09,2.848809523809525,2.278571428571431,1.7208333333333328,3.8374999999999995,1.8369047619047636,3.9125,,3.646626984126984,3.456547619047618,1.428571428571428
2017-02-10,2.7726190476190484,2.215476190476193,1.530357142857142,3.8565476190476184,1.832738095238097,3.8607142857142858,,3.6436507936507936,3.481547619047618,1.4827380952380944
2017-02-11,2.6279761904761916,2.243452380952383,1.3559523809523801,3.94345238095238,1.8559523809523824,4.043452380952381,,3.6436507936507936,3.5511904761904756,1.510714285714285
2017-02-12,2.683333333333334,2.264285714285716,1.5880952380952373,3.873809523809523,1.872619047619049,4.200595238095238,,3.750793650793651,3.6113095238095236,1.6065476190476182
2017-02-13,2.7726190476190484,2.307142857142859,1.6791666666666658,4.110714285714285,1.883333333333335,4.155952380952381,,3.7067460317460323,3.638690476190476,1.625595238095237
2017-02-14,2.6898809523809533,2.4053571428571443,1.5994047619047609,3.908928571428571,1.8750000000000018,4.05,,3.7132936507936507,3.5351190476190473,1.6232142857142848
2017-02-15,2.5392857142857155,2.2398809523809544,1.4482142857142848,3.3380952380952373,1.8660714285714302,4.070833333333334,,3.6660714285714286,3.3559523809523806,1.6023809523809518
2017-02-16,2.39702380952381,2.084523809523812,1.2666666666666657,2.924404761904761,1.8494047619047638,4.04404761904762,,3.7023809523809526,3.1011904761904763,1.5958333333333325
2017-02-17,2.352380952380953,2.0779761904761926,1.463690476190475,2.8654761904761896,1.8291666666666686,3.9571428571428577,,3.5077380952380954,2.926190476190476,1.5654761904761898
2017-02-18,2.3547619047619053,1.848214285714288,1.5523809523809513,2.512499999999999,1.8035714285714306,3.7583333333333337,,3.324404761904762,2.705952380952381,1.5303571428571423
2017-02-19,2.2375000000000003,1.741666666666669,1.4136904761904754,2.4160714285714273,1.7714285714285736,3.5684523809523814,,3.153571428571429,2.5119047619047614,1.4886904761904756
2017-02-20,2.214285714285715,1.7226190476190497,1.3648809523809513,2.2505952380952365,1.75059523809524,3.380357142857143,,3.139285714285714,2.4779761904761903,1.497023809523809
2017-02-21,2.27202380952381,1.635714285714288,1.3827380952380943,2.294642857142856,1.7488095238095258,3.379166666666667,,3.0630952380952383,2.5672619047619043,1.5327380952380951
2017-02-22,2.341666666666667,1.730357142857145,1.5279761904761897,2.147619047619046,1.7446428571428592,3.266071428571429,,3.243452380952381,2.663690476190476,1.520238095238095
2017-02-23,2.233928571428572,1.7827380952380973,1.7744047619047614,1.912499999999998,1.7505952380952399,3.2607142857142866,,3.39702380952381,2.6904761904761902,1.5559523809523805
2017-02-24,2.2160714285714294,1.8214285714285738,1.7601190476190471,1.8571428571428552,1.7678571428571443,3.2547619047619056,,3.554761904761905,2.7863095238095235,1.5571428571428565
2017-02-25,2.349404761904763,2.0452380952380973,1.7755952380952373,2.005357142857141,1.7773809523809536,3.3464285714285724,,3.776190476190477,2.9130952380952375,1.5261904761904757
2017-02-26,2.4416666666666673,2.178571428571431,2.084523809523809,2.0220238095238074,1.7851190476190488,3.397619047619048,,3.7434523809523816,3.0428571428571423,1.5613095238095234
2017-02-27,2.4380952380952383,2.250000000000002,1.9422619047619039,2.0047619047619025,1.7904761904761917,3.573809523809525,,3.7577380952380963,3.10297619047619,1.4934523809523803
2017-02-28,2.436309523809524,2.3803571428571453,1.8047619047619041,1.9369047619047592,1.7952380952380966,3.633928571428572,,3.878571428571429,3.0428571428571423,1.4416666666666658
2018-02-01,2.3874999999999997,2.5636904761904784,1.7888888888888879,1.892948717948715,1.7930555555555572,3.5119047619047623,,3.85654761904762,2.997619047619047,1.4083333333333325
2018-02-02,2.465,3.169047619047621,1.5641666666666656,1.9060439560439533,1.6573412698412717,3.413095238095239,,3.6517857142857144,3.0660714285714286,1.3297619047619043
2018-02-03,2.592708333333333,3.464880952380955,1.4677083333333316,1.779853479853477,1.696924603174605,3.2619047619047623,,3.799404761904762,3.2970238095238096,1.304166666666666
2018-02-04,2.4499999999999993,3.6750000000000025,1.6083333333333312,1.467353479853477,1.7517857142857163,3.0619047619047626,,3.599404761904762,3.227380952380953,1.2988095238095232
2018-02-05,2.5270833333333327,3.7839285714285738,0.8854166666666635,1.3375915750915723,1.821230158730161,2.799404761904763,,3.4839285714285717,3.272619047619048,1.2083333333333328
2018-02-06,2.737499999999999,3.8208333333333364,0.7749999999999931,1.1078296703296675,2.010119047619049,2.644642857142858,,3.488690476190476,3.441666666666667,1.220833333333333
2018-02-07,,4.069047619047622,,0.9715201465201438,2.088591269841271,2.5184523809523816,,3.3113095238095243,3.5886904761904765,1.244642857142857
2018-02-08,,4.2482142857142895,,0.9607142857142832,2.0979591836734706,2.477380952380953,,3.075,3.563768115942029,1.2494047619047617
2018-02-09,,3.984523809523812,,1.0315476190476165,2.2470238095238106,2.266666666666667,,2.9684523809523813,3.492934782608695,1.3017857142857139
2018-02-10,,4.049404761904765,,1.0339285714285689,2.248214285714287,2.1726190476190483,,2.6113095238095236,3.1881728778467906,1.2982142857142855
2018-02-11,,3.9845238095238127,,1.0607142857142833,2.302380952380954,2.183928571428572,,2.672619047619048,3.1596014492753612,1.3678571428571427
2018-02-12,,4.137500000000003,,1.0869047619047594,2.336904761904763,2.2065476190476194,,2.561309523809524,3.211387163561076,1.4119047619047616
2018-02-13,,4.40416666666667,,1.1107142857142833,2.2422619047619063,2.0898809523809523,,2.439285714285714,3.314309241483154,1.4154761904761903
2018-02-14,,4.465476190476195,,1.0744047619047592,2.221428571428573,2.0315476190476196,,2.311904761904762,3.1452616224355348,1.3922619047619047
2018-02-15,,4.34166666666667,,1.067261904761902,2.180952380952383,2.1065476190476193,,2.3476190476190477,3.0439935064935066,1.426785714285714
2018-02-16,,4.279166666666671,,1.054761904761902,2.2101190476190493,2.2,,2.5702380952380954,3.1683982683982683,1.4238095238095236
2018-02-17,,4.20119047619048,,1.0523809523809495,2.2297619047619066,2.351190476190476,,2.6773809523809526,3.245779220779221,1.4416666666666662
2018-02-18,,4.2101190476190515,,1.1589285714285689,2.2130952380952396,2.2309523809523806,,2.629761904761905,3.272564935064935,1.4190476190476184
2018-02-19,,4.2202380952381,,1.0851190476190449,2.172023809523812,2.3130952380952383,,2.746428571428572,3.1862554112554107,1.4386904761904755
2018-02-20,,4.258928571428576,,1.2035714285714258,2.193452380952383,2.3672619047619046,,2.835119047619048,2.9452380952380945,1.4541666666666662
2018-02-21,,4.180952380952385,,1.2874999999999972,2.2077380952380974,2.3238095238095235,,2.854166666666667,3.1107142857142853,1.4369047619047612
2018-02-22,,4.2238095238095275,,1.378571428571426,2.275000000000002,2.244642857142857,,2.89702380952381,3.307142857142856,1.4749999999999994
2018-02-23,,4.308928571428574,,1.4482142857142832,2.321428571428574,2.256547619047619,,2.8166666666666673,3.4047619047619038,1.4672619047619042
2018-02-24,,4.334523809523813,,1.4988095238095214,2.331547619047621,2.1392857142857142,,2.7244047619047627,3.470238095238095,1.451785714285714
2018-02-25,,4.467857142857146,,1.497619047619045,2.312500000000002,2.135119047619048,,2.6404761904761918,3.651785714285714,1.4422619047619045
2018-02-26,,4.63511904761905,,1.6749999999999972,2.304166666666669,2.104166666666666,,2.7041666666666675,3.802380952380952,1.4345238095238093
2018-02-27,,4.557142857142859,,1.5904761904761875,2.326785714285716,2.010119047619047,,2.6755952380952395,3.8988095238095233,1.4148809523809525
2018-02-28,1.5599999999999992,4.516666666666669,,1.5821428571428542,2.3232142857142875,1.9440476190476184,,2.6357142857142875,3.8386904761904757,1.4416666666666669
2019-02-01,2.150833333333333,4.326785714285716,1.7458333333333262,1.7267857142857113,2.2886904761904785,2.0952380952380945,6.408333333333319,2.8952380952380965,3.9178571428571423,1.4125
2019-02-02,2.322777777777777,3.9535714285714305,1.7490036231884025,1.7422619047619015,2.4017857142857166,2.150595238095237,6.533333333333327,3.195238095238096,3.8988095238095237,1.4333333333333333
2019-02-03,2.457708333333333,3.5547619047619072,1.8923913043478242,1.7309523809523777,2.429761904761907,2.157738095238094,6.520833333333329,3.570833333333334,3.933333333333333,1.5041666666666669
2019-02-04,2.2995,3.209523809523812,2.1765851449275346,1.6999999999999968,2.3614145658263324,2.258333333333332,6.388541666666663,4.001785714285716,3.796428571428571,1.5595238095238098
2019-02-05,2.2169444444444446,2.7583333333333355,2.3337681159420276,1.657142857142854,2.6620098039215705,2.220238095238094,6.360833333333331,4.3011904761904765,3.9035714285714276,1.610714285714286
2019-02-06,2.3210714285714285,2.4660714285714307,2.456612318840579,1.694642857142854,3.023914565826332,2.132738095238094,6.530555555555553,4.646428571428572,3.95297619047619,1.6714285714285715
2019-02-07,2.4702380952380953,2.342857142857145,2.3640010351966865,1.8428571428571399,3.2507002801120466,2.53095238095238,7.1011904761904745,5.010714285714287,4.2488095238095225,1.7142857142857144
2019-02-08,2.5767857142857147,2.267857142857145,2.4068581780538296,1.7678571428571401,3.3092717086834753,2.570238095238094,7.237499999999998,4.982738095238098,4.244642857142856,1.7249999999999996
2019-02-09,2.5023809523809524,2.425000000000002,2.4422619047619047,1.9249999999999972,3.0759383753501424,2.6958333333333324,7.032142857142855,4.823214285714287,4.029761904761904,1.7458333333333333
2019-02-10,2.5452380952380946,2.4988095238095256,2.3845238095238086,1.9988095238095211,2.937545518207285,2.7184523809523804,6.806547619047617,4.479761904761907,4.0892857142857135,1.7053571428571428
2019-02-11,2.5809523809523807,2.4946428571428587,2.323214285714285,1.994642857142854,2.897729591836737,2.745238095238095,6.739285714285712,4.565476190476192,4.145238095238094,1.6666666666666667
2019-02-12,2.632142857142857,2.5130952380952403,2.061904761904761,2.0130952380952354,2.696539115646261,2.8083333333333327,6.591666666666665,4.492261904761907,4.072619047619046,1.6398809523809523
2019-02-13,2.579166666666667,2.5321428571428592,1.9482142857142846,2.032142857142855,2.2921173469387788,3.15297619047619,6.362499999999999,4.352976190476193,3.9357142857142837,1.617261904761905
2019-02-14,2.680952380952381,2.285714285714288,1.895238095238094,1.7857142857142834,2.038924706246138,2.764880952380952,5.575595238095238,4.032738095238097,3.6803571428571416,1.5994047619047622
2019-02-15,2.7077380952380956,2.2690476190476216,1.8267857142857133,1.7690476190476168,2.214877087198519,2.670833333333333,5.430357142857142,3.9815476190476216,3.6666666666666647,1.6250000000000004
2019-02-16,2.763095238095238,2.1946428571428593,2.024404761904761,1.6946428571428551,2.643448515769947,2.4684523809523804,5.527380952380952,4.113095238095241,3.981547619047617,1.622619047619048
2019-02-17,2.5886904761904765,2.177380952380955,2.242261904761904,1.6773809523809504,2.631960420531852,2.3904761904761895,5.317857142857143,4.385714285714289,3.9369047619047604,1.610119047619048
2019-02-18,2.6815476190476195,2.1023809523809556,2.155357142857142,1.6023809523809505,2.984568130282419,2.3470238095238085,5.129166666666666,4.19761904761905,4.010119047619046,1.6660714285714286
2019-02-19,2.735714285714286,2.1083333333333365,2.2172619047619038,1.6083333333333314,2.8411698618841497,2.4071428571428557,5.005357142857143,4.188690476190479,3.9797619047619035,1.6845238095238095
2019-02-20,2.7458333333333336,1.9851190476190506,2.017261904761904,1.4914596273291907,2.8758946608946627,2.2755952380952364,4.781547619047618,4.216071428571432,4.248214285714285,1.6946428571428576
2019-02-21,2.7226190476190477,2.1255952380952414,1.9827380952380946,1.631935817805381,2.959920634920637,2.378571428571427,4.623809523809523,4.506547619047622,4.2279761904761894,1.691666666666667
2019-02-22,2.3645363408521307,2.079761904761908,1.873214285714285,1.5861024844720475,2.6825396825396846,2.3214285714285694,4.019642857142857,4.433333333333337,4.103571428571428,1.6589285714285715
2019-02-23,2.3460839598997496,1.9434523809523843,1.5309523809523804,1.4497929606625235,2.343518518518521,2.251190476190475,3.872619047619048,4.308333333333337,4.0249999999999995,1.6339285714285716
2019-02-24,2.2454887218045116,1.9488095238095269,1.316666666666666,1.4551501035196663,2.529555555555558,2.3553571428571414,4.410119047619047,4.381547619047623,3.7619047619047605,1.6595238095238098
2019-02-25,2.2073934837092732,2.0702380952380985,1.3402173913043474,1.5765786749482378,1.9056666666666688,2.241071428571427,4.13154761904762,4.308333333333337,3.7761904761904748,1.6458333333333337
2019-02-26,2.307393483709273,2.027380952380955,1.2902173913043469,1.5337215320910949,2.468090909090911,2.1869047619047604,4.105952380952382,4.280952380952384,3.83392857142857,1.6529761904761908
2019-02-27,2.257988721804511,2.0880952380952404,1.372955486542442,1.5880952380952356,2.3773333333333353,2.011904761904761,4.010119047619048,4.326190476190481,3.7339285714285695,1.6446428571428577
2019-02-28,2.077523353839143,2.0672619047619074,1.3545031055900612,1.5672619047619023,2.2300000000000018,2.0672619047619043,4.038690476190476,4.3577380952380995,3.8952380952380934,1.62202380952381
2017-03-01,2.283820346320346,2.175000000000003,1.5354554865424421,1.7494047619047592,2.2391666666666685,2.1809523809523803,4.3590277777777775,4.2815476190476245,3.8797619047619034,1.6220238095238104
2017-03-02,2.3975108225108226,2.3291666666666693,1.7378364389233945,2.0119047619047596,2.1694444444444456,2.5392857142857133,4.256666666666668,4.297023809523814,3.8077380952380935,1.612500000000001
2017-03-03,2.581439393939394,2.4315476190476217,1.6116459627329183,2.0244047619047594,2.1154761904761914,2.7458333333333327,3.5177083333333337,4.167261904761909,3.902380952380951,1.5791666666666675
2017-03-04,2.6058441558441565,2.416071428571431,1.5678571428571422,2.019047619047616,2.243452380952382,2.9345238095238093,3.9402777777777787,4.0592261904761955,3.62440476190476,1.4982142857142864
2017-03-05,2.4445346320346326,2.415476190476193,1.6517857142857137,2.0624999999999973,1.84404761904762,3.089880952380952,3.8250000000000015,3.880059523809529,3.3380952380952364,1.464880952380953
2017-03-06,2.4326298701298703,2.4535714285714314,1.796428571428571,2.146428571428569,1.8029761904761916,3.379166666666666,4.112500000000003,3.6854166666666717,3.1232142857142833,1.4505952380952385
2017-03-07,2.529761904761905,2.4684523809523835,1.7815476190476185,2.3630952380952364,1.7869047619047633,3.5410714285714278,,3.6086309523809574,2.8952380952380925,1.4404761904761907
2017-03-08,2.4309523809523808,2.382738095238098,1.785119047619047,2.2345238095238074,1.7636904761904777,3.5958333333333323,,3.721726190476196,2.812499999999997,1.456547619047619
2017-03-09,2.3630952380952377,2.2970238095238122,1.8184523809523807,1.9458333333333306,1.751785714285716,3.48095238095238,,3.704464285714291,2.7470238095238066,1.4964285714285714
2017-03-10,2.313095238095238,2.2261904761904794,1.8154761904761902,2.3035714285714257,1.7422619047619066,3.326190476190475,,3.5556547619047674,2.72738095238095,1.4916666666666665
2017-03-11,2.301785714285714,2.1892857142857176,1.6744047619047617,2.3285714285714256,1.740476190476192,3.4089285714285706,,3.5136904761904817,2.7642857142857116,1.5244047619047618
2017-03-12,2.3119047619047612,2.154761904761908,1.682738095238095,2.4363095238095207,1.754166666666668,3.398214285714285,,3.640476190476196,2.6934523809523787,1.4928571428571429
2017-03-13,2.2827380952380945,2.126785714285717,1.7791666666666666,2.4630952380952342,1.7571428571428584,3.364285714285713,,3.6380952380952434,2.705357142857141,1.4976190476190476
2017-03-14,2.2488095238095234,2.1663561076604587,1.9107142857142854,2.6315476190476152,1.750000000000001,3.1798654244306404,,3.4119047619047667,2.8622448979591817,1.5505952380952381
2017-03-15,2.291071428571428,2.187189440993792,1.6833333333333331,2.855952380952377,1.7607142857142868,3.1143892339544506,,3.185119047619052,2.9717687074829917,1.5273809523809523
2017-03-16,2.2261904761904763,2.2086180124223636,1.6886904761904757,3.0053571428571395,1.7583333333333342,3.1387939958592117,,3.064880952380957,3.386649659863944,1.4904761904761907
2017-03-17,2.2595238095238095,2.230641821946173,1.8619047619047615,2.7869047619047587,1.7690476190476196,3.248913043478259,,3.1488095238095286,3.9991496598639444,1.4958333333333336
2017-03-18,2.239880952380952,2.1907608695652208,1.9190476190476187,2.7785714285714254,1.764285714285715,3.0953416149068307,,3.1303312629399636,4.649149659863944,1.535714285714286
2017-03-19,2.28452380952381,2.2312370600414106,1.9166666666666659,2.6446428571428537,1.73154761904762,3.019746376811592,,3.0100931677018683,5.046173469387754,1.5345238095238098
2017-03-20,2.3190476190476192,2.2484989648033156,1.6779761904761896,2.7035714285714256,1.7273809523809531,3.037008281573497,,2.951164596273297,5.087840136054421,1.5625000000000002
2017-03-21,2.3011904761904765,2.141071428571432,1.7958333333333327,2.3898809523809494,1.7339285714285722,3.0660714285714272,,2.989855072463773,5.038690476190475,1.52202380952381
2017-03-22,2.3880952380952385,2.190476190476194,2.0964285714285706,2.3726190476190445,1.7452380952380961,3.180952380952379,,3.105926501035202,5.114285714285713,1.541071428571429
2017-03-23,2.4476190476190482,2.161904761904765,2.105357142857142,2.2928571428571396,1.7571428571428582,3.224999999999998,,3.229736024844726,4.810119047619047,1.5630952380952383
2017-03-24,2.4619047619047625,2.1732142857142893,2.00595238095238,2.232738095238092,1.750000000000001,3.2892857142857124,,3.1940217391304397,4.338690476190474,1.5523809523809526
2017-03-25,2.5303571428571434,2.221040372670811,1.9869047619047613,2.345238095238092,1.754761904761906,3.44642857142857,,3.2660714285714336,3.7958333333333307,1.5380952380952384
2017-03-26,2.4601190476190484,2.2621118012422397,2.0773809523809517,2.4291666666666627,1.771428571428573,3.487499999999999,,3.2255952380952433,3.558928571428569,1.54702380952381
2017-03-27,2.458333333333334,2.3954451345755725,2.1130952380952377,2.566071428571425,1.7690476190476203,3.487499999999999,,3.322619047619053,3.6107142857142835,1.4904761904761907
2017-03-28,2.4833333333333343,2.513302277432715,1.857619047619047,2.660119047619044,1.7750000000000012,3.4910714285714275,,3.3559523809523863,3.6446428571428546,1.4857142857142858
2017-03-29,2.482738095238096,2.472826086956525,1.5722619047619042,2.492261904761901,1.7750000000000012,3.4422619047619043,,3.41726190476191,3.6898809523809493,1.4482142857142855
2017-03-30,2.5345238095238103,2.4353260869565245,1.5651190476190466,2.5357142857142825,1.7785714285714298,3.4291666666666667,,3.462500000000006,3.760714285714283,1.452380952380952
2017-03-31,2.5428571428571445,2.428778467908906,1.5942857142857134,2.5845238095238066,1.7928571428571443,3.360119047619047,,3.5148809523809583,3.860714285714283,1.5309523809523808
2018-03-01,2.492857142857144,2.7285714285714318,1.6718055555555549,2.4023809523809496,1.8815476190476201,3.2238095238095235,,3.571428571428577,4.017857142857141,1.5101190476190471
2018-03-02,2.5065476190476206,2.981547619047623,1.5103333333333326,2.32738095238095,1.9523809523809534,3.13095238095238,,3.5410714285714344,4.261309523809522,1.5154761904761904
2018-03-03,2.4351190476190494,3.2095238095238137,1.4577083333333323,2.0505952380952355,2.04107142857143,3.022023809523809,,3.42678571428572,4.174999999999997,1.5375
2018-03-04,2.3244047619047636,3.4065476190476227,1.6369444444444432,1.8565476190476158,2.0458333333333343,2.907142857142856,,3.322619047619053,4.027976190476188,1.5315476190476187
2018-03-05,2.1869047619047635,3.669047619047623,2.1520833333333313,1.7529761904761871,2.0666666666666678,2.740476190476189,,3.300000000000005,3.922619047619047,1.5374149659863943
2018-03-06,2.157142857142859,3.9166666666666705,1.6166666666666634,1.7113095238095202,2.102380952380954,2.6827380952380935,,3.3696428571428627,3.891071428571428,1.4886054421768704
2018-03-07,2.238690476190478,4.21666666666667,,1.5595238095238058,2.205357142857144,2.520238095238094,,3.3363095238095295,4.02142857142857,1.3933673469387753
2018-03-08,2.3077380952380966,4.0988095238095275,,1.568452380952377,2.258928571428573,2.5738095238095227,,3.4178571428571485,4.039285714285712,1.3665816326530607
2018-03-09,2.305357142857144,4.175595238095242,,1.5708333333333293,2.304166666666669,2.485119047619046,,3.6482142857142916,4.0005952380952365,1.356462585034013
2018-03-10,2.4178571428571445,4.089285714285718,,1.575595238095234,2.2547619047619065,2.4958333333333322,,3.7309523809523863,4.17797619047619,1.3356292517006796
2018-03-11,2.4589285714285727,4.0380952380952415,,1.5901785714285674,2.2839285714285733,2.5660714285714277,,3.754166666666672,4.304994824016562,1.3195578231292513
2018-03-12,2.473214285714287,3.925000000000004,,1.5920138888888844,2.347023809523812,2.4452380952380945,,3.7351190476190532,4.4424948240165625,1.3136904761904757
2018-03-13,2.4267857142857157,4.400595238095241,,1.592083333333328,2.436309523809526,2.4458333333333324,,3.4898809523809575,4.498447204968943,1.309523809523809
2018-03-14,2.326785714285715,4.650000000000003,,1.565583333333328,2.382034632034634,2.5261904761904757,,3.5541666666666716,4.2930900621118,1.3226190476190471
2018-03-15,2.282142857142858,4.719642857142861,,1.5422499999999946,2.299891774891777,2.381547619047619,,3.3517857142857195,4.190709109730848,1.3434523809523804
2018-03-16,2.283928571428572,4.755952380952384,,1.5264166666666616,2.2754870129870146,2.39047619047619,,3.3184523809523863,4.1490424430641815,1.3333333333333328
2018-03-17,2.270238095238096,4.770833333333337,,1.5022499999999948,2.324891774891777,2.3821428571428567,,3.3946428571428626,4.259756728778466,1.3505952380952377
2018-03-18,2.318452380952382,4.994047619047623,,1.5501666666666614,2.3290584415584434,2.291666666666666,,3.3452380952381002,4.211904761904761,1.3726190476190472
2018-03-19,2.4023809523809536,4.852976190476194,,1.571666666666662,2.2969155844155864,2.5726190476190465,,3.3803571428571475,4.180357142857141,1.373214285714285
2018-03-20,2.3839285714285725,4.216071428571432,,1.5679761904761866,2.243344155844158,2.5148809523809517,,3.560714285714291,4.2261904761904745,1.4154761904761903
2018-03-21,2.4803571428571445,3.8005952380952412,,1.5815476190476154,2.3196428571428593,2.5095238095238086,,3.5559523809523856,4.409523809523808,1.432738095238095
2018-03-22,2.430357142857144,3.585714285714289,,1.5886904761904728,2.34761904761905,2.49345238095238,,3.7827380952381,4.493506493506492,1.4232142857142858
2018-03-23,2.532738095238097,5.159523809523814,,1.5892857142857109,2.307142857142859,2.608928571428571,,3.8244047619047663,4.43457792207792,1.4273809523809522
2018-03-24,2.5232142857142876,5.192857142857147,,1.5958333333333297,2.338690476190478,2.7124999999999986,,3.7809523809523857,4.226244588744586,1.4315476190476186
2018-03-25,2.46309523809524,6.149404761904766,,1.5505952380952348,2.3476190476190495,2.8494047619047604,,3.899404761904767,4.200054112554109,1.4434523809523805
2018-03-26,2.4726190476190495,6.745138888888893,,1.5327380952380918,2.385119047619049,2.7327380952380937,,4.016071428571434,4.062579992471294,1.4476190476190471
2018-03-27,2.516666666666668,7.585000000000006,,1.5249999999999966,2.4047619047619064,2.639285714285713,,3.9500000000000046,3.891151421042722,1.4136904761904758
2018-03-28,2.4017857142857153,7.726388888888896,,1.5047619047619014,2.3422619047619064,2.7196428571428557,,3.919047619047624,3.7232942781855787,1.3797619047619043
2018-03-29,2.5595238095238106,8.098888888888895,,1.502380952380949,2.3946428571428586,2.8726190476190467,,3.835119047619053,3.6690734989647993,1.3773809523809517
2018-03-30,2.364880952380954,6.0113888888888924,,1.4916666666666634,2.370833333333335,2.813095238095237,,3.6857142857142913,3.6232401656314663,1.3654761904761898
2018-03-31,2.2982142857142867,5.490555555555559,,1.488690476190473,2.2821428571428584,2.542857142857142,,3.6791666666666716,3.617287784679085,1.3226190476190471
2019-03-01,2.268452380952382,3.5505555555555595,1.5458333333333303,1.5184523809523778,2.3303571428571446,2.4035714285714276,3.0166666666666684,3.8285714285714336,3.6547877846790846,1.4154761904761899
2019-03-02,2.342857142857144,3.3476851851851883,1.3895833333333316,1.5583333333333302,2.2166666666666686,2.286309523809523,2.514583333333334,3.7595238095238144,3.6940476190476144,1.4970238095238093
2019-03-03,2.315476190476192,3.1938492063492094,1.5083333333333322,1.5982142857142827,2.384523809523811,2.336309523809523,2.3819444444444446,3.8976190476190524,3.6166666666666614,1.6119047619047617
2019-03-04,2.414285714285716,2.9505952380952407,1.5562499999999992,1.6851190476190447,2.674404761904763,2.1851190476190463,3.494791666666668,3.94821428571429,3.74523809523809,1.7422619047619043
2019-03-05,2.338690476190478,2.7113095238095264,1.5483333333333325,1.7654761904761875,2.652976190476192,2.0773809523809517,3.915000000000001,4.131547619047624,3.9309523809523763,1.8369047619047616
2019-03-06,2.55059523809524,2.3452380952380976,1.5277777777777772,1.887499999999997,2.636904761904763,2.080357142857142,4.098611111111112,4.064880952380957,4.0744047619047565,1.9601190476190473
2019-03-07,2.6000000000000014,2.5720238095238117,1.6047619047619042,2.072023809523807,2.963690476190477,2.3749999999999996,4.098611111111112,4.216666666666671,4.2422619047619,2.083333333333333
2019-03-08,2.897619047619049,2.500000000000002,1.5410714285714282,1.9999999999999973,2.930952380952381,2.3321428571428564,4.315000000000001,4.23571428571429,4.302380952380947,2.0535714285714284
2019-03-09,2.842261904761906,2.511904761904764,1.571428571428571,2.0119047619047596,3.128571428571429,2.326785714285714,4.890625000000001,4.34821428571429,4.405357142857139,2.051190476190476
2019-03-10,2.6940476190476197,2.554761904761907,1.5380952380952377,2.054761904761902,2.979166666666668,2.420833333333333,5.815277777777779,4.282738095238101,4.439880952380948,2.025595238095238
2019-03-11,2.81404761904762,2.5511904761904782,1.5101190476190471,2.0511904761904733,2.8970238095238106,2.438095238095238,5.30625,4.354761904761911,4.411904761904758,2.005357142857143
2019-03-12,2.784285714285715,2.5672619047619065,1.607738095238095,2.067261904761902,2.8636904761904773,2.634523809523809,3.6976190476190474,4.2904761904761965,4.272023809523805,2.0125
2019-03-13,2.6676190476190484,2.4952380952380966,1.5380952380952382,1.9952380952380928,2.9845238095238105,2.6726190476190474,2.7872023809523814,4.51428571428572,4.176190476190471,1.9958333333333333
2019-03-14,2.6491666666666682,2.4446428571428593,1.4523809523809526,1.9446428571428551,2.8279761904761918,2.628571428571428,2.7234126984126985,4.432142857142863,4.113690476190471,1.9464285714285716
2019-03-15,2.5577551020408182,2.61607142857143,1.4386904761904764,2.116071428571426,2.857738095238097,2.8309523809523807,3.40922619047619,4.37619047619048,4.173214285714281,1.8720238095238098
2019-03-16,2.6726360544217704,2.631547619047621,1.4500000000000002,2.1315476190476166,2.789880952380954,3.0041666666666664,3.7815476190476183,4.297619047619053,4.1577380952380905,1.8178571428571433
2019-03-17,2.7714455782312934,2.538690476190478,1.485119047619048,2.038690476190474,2.535714285714287,2.7869047619047613,3.9686507936507933,4.123809523809529,4.144642857142853,1.7535714285714288
2019-03-18,2.415731292517008,2.372023809523811,1.3940476190476192,1.872023809523807,2.2386904761904773,2.6553571428571425,4.068367346938775,4.084523809523814,3.838690476190472,1.661904761904762
2019-03-19,2.3008503401360554,2.2482142857142877,1.1916666666666669,1.7482142857142833,2.074404761904763,2.3809523809523805,4.335714285714285,4.072023809523816,3.794047619047615,1.5988095238095243
2019-03-20,2.3329931972789124,2.180357142857145,1.174404761904762,1.6803571428571404,1.910119047619049,2.4749999999999988,4.5113095238095235,3.953571428571434,3.8708333333333296,1.5244047619047623
2019-03-21,2.4073979591836743,2.1089285714285735,1.2023809523809526,1.6089285714285688,1.6863095238095251,2.2940476190476184,4.803571428571428,3.956547619047625,3.8154761904761862,1.4940476190476193
2019-03-22,2.2648809523809526,1.9988095238095256,1.2803571428571427,1.4988095238095216,1.466666666666668,2.216666666666666,4.742261904761904,3.867261904761911,3.6101190476190435,1.5172619047619051
2019-03-23,2.0505952380952386,1.957738095238097,1.4214285714285713,1.457738095238093,1.312500000000001,2.0374999999999988,4.833333333333333,3.8696428571428623,3.4726190476190437,1.4892857142857143
2019-03-24,2.0142857142857147,1.919642857142859,1.3540890269151136,1.4196428571428548,1.5255952380952391,1.995833333333332,4.924999999999999,4.025000000000005,3.4476190476190434,1.5035714285714286
2019-03-25,2.1505952380952387,2.072619047619049,1.3725414078674945,1.5726190476190451,1.8839285714285727,2.0958333333333323,5.03690476190476,4.080357142857149,3.621428571428567,1.5380952380952382
2019-03-26,2.2375000000000007,2.1803571428571447,1.4433747412008275,1.6803571428571404,2.105357142857144,2.3285714285714274,5.070238095238093,4.07619047619048,3.8398809523809483,1.4976190476190476
2019-03-27,2.2369047619047624,2.243452380952383,1.5707556935817801,1.7434523809523785,2.1982142857142875,2.2901785714285707,5.215476190476188,4.179166666666672,3.888690476190472,1.510714285714286
2019-03-28,2.2226190476190473,2.1994047619047636,1.6677795031055893,1.6994047619047596,2.471428571428573,2.3812499999999988,5.0267857142857135,4.355357142857147,4.008928571428567,1.5190476190476192
2019-03-29,2.202380952380952,2.2315476190476207,1.7493271221532083,1.7315476190476167,2.533333333333335,2.3883928571428563,5.100595238095237,4.466071428571433,4.1857142857142815,1.5232142857142859
2019-03-30,2.2244047619047618,2.1889233954451366,1.6874223602484466,1.690165631469977,2.67559523809524,2.522916666666666,5.185714285714285,4.490476190476196,4.304166666666662,1.5636904761904769
2019-03-31,2.1636904761904763,2.131780538302279,1.7446428571428565,1.6473084886128342,3.054761904761907,2.566369047619047,5.089285714285713,4.596428571428576,4.333928571428566,1.5494047619047622
2017-04-01,2.1994047619047623,2.0407091097308507,1.7172619047619042,2.202070393374739,2.7255952380952397,2.8145833333333328,5.029166666666665,4.3202380952381,4.133928571428566,1.505952380952381
2017-04-02,2.17202380952381,1.8329710144927551,1.733928571428571,2.5330227743271196,2.5970238095238116,2.870535714285714,5.138333333333332,4.080952380952385,3.749404761904757,1.529761904761905
2017-04-03,2.2184523809523813,1.8418995859213267,1.6874999999999996,2.5931418219461673,2.5452380952380973,2.996428571428571,5.062499999999997,3.978571428571432,3.604166666666661,1.4910714285714286
2017-04-04,2.28452380952381,1.8776138716356128,1.6577380952380947,3.0258799171842625,2.3107142857142877,3.1369047619047614,5.643055555555553,3.8029761904761945,3.551785714285709,1.4732142857142858
2017-04-05,2.3952380952380956,1.9299948240165654,1.5821428571428569,3.2842132505175963,2.4011904761904783,3.2696428571428564,5.6874999999999964,3.859523809523813,3.663690476190471,1.4458333333333335
2017-04-06,2.4363095238095243,1.9976190476190496,1.3922619047619045,3.390476190476188,2.316666666666669,3.4166666666666656,4.8708333333333265,3.7708333333333366,3.7047619047619005,1.3476190476190477
2017-04-07,2.6744047619047624,2.2404761904761923,1.2291666666666663,3.530357142857141,1.8785714285714308,3.6660714285714278,,3.5904761904761933,3.8505952380952335,1.2988095238095239
2017-04-08,2.69702380952381,2.3535714285714304,1.257738095238095,3.042261904761903,1.8744047619047641,3.6702380952380946,,3.720238095238098,4.11130952380952,1.2738095238095242
2017-04-09,2.732738095238095,2.4553571428571446,1.283333333333333,2.7732142857142845,1.8785714285714306,3.6386904761904755,,3.7613095238095267,4.244047619047615,1.2476190476190478
2017-04-10,2.6648809523809525,2.4464285714285725,1.4178571428571425,3.1898809523809515,1.8708333333333353,3.534523809523809,,3.6910714285714312,4.233928571428567,1.2535714285714288
2017-04-11,2.575595238095238,2.41607142857143,1.3214285714285712,2.942261904761904,1.8619047619047637,3.4952380952380953,,3.5750000000000024,4.163095238095234,1.2875000000000005
2017-04-12,2.481547619047619,2.349404761904764,1.2172619047619049,2.6833333333333327,1.8279761904761922,3.443452380952381,,3.339285714285716,4.370238095238091,1.2654761904761909
2017-04-13,2.432738095238095,2.252380952380954,1.429166666666667,3.16547619047619,1.8095238095238113,3.3613095238095236,,3.266071428571431,4.2726190476190435,1.3279761904761906
2017-04-14,2.222023809523809,2.129761904761907,1.5785714285714287,3.378571428571428,1.782738095238097,3.3476190476190473,,3.2452380952380975,4.227380952380947,1.3654761904761907
2017-04-15,2.063095238095238,2.0714285714285734,1.7464285714285712,3.4071428571428566,1.7666666666666684,3.1874999999999996,,3.240476190476193,4.149404761904757,1.410714285714286
2017-04-16,1.988095238095238,2.0601190476190494,1.819642857142857,3.7309523809523806,1.7416666666666685,3.13095238095238,,3.252976190476194,4.1630952380952335,1.4142857142857148
2017-04-17,2.032142857142857,2.0476190476190492,1.877380952380952,3.438095238095237,1.7440476190476208,3.1886904761904757,,3.342857142857146,4.220238095238091,1.423809523809524
2017-04-18,2.0845238095238097,2.068452380952383,1.8988095238095233,3.98690476190476,1.7476190476190492,3.2410714285714275,,3.5255952380952413,4.2428571428571376,1.3654761904761905
2017-04-19,2.1392857142857142,2.06011904761905,1.8613095238095234,4.357142857142856,1.7494047619047635,3.3595238095238082,,3.5863095238095273,3.9023809523809465,1.3625000000000003
2017-04-20,2.132142857142857,2.147023809523812,1.9517857142857138,4.105357142857142,1.752976190476192,3.444642857142856,,3.6648809523809556,3.920833333333328,1.3458333333333337
2017-04-21,2.2089285714285714,2.1708333333333356,1.8982142857142854,4.014880952380951,1.7684523809523827,3.469642857142856,,3.663095238095242,3.8202380952380897,1.3267857142857145
2017-04-22,2.3517857142857146,2.227976190476193,2.051190476190476,4.244047619047618,1.7815476190476207,3.538690476190476,,3.7142857142857175,3.8208333333333284,1.3398809523809525
2017-04-23,2.3583333333333334,2.19761904761905,2.089880952380952,3.728571428571427,1.8023809523809544,3.576785714285714,,3.7654761904761935,3.719642857142852,1.3660714285714288
2017-04-24,2.2565476190476192,2.1488095238095264,1.9863095238095239,3.5244047619047603,1.8047619047619066,3.6089285714285713,,3.604047619047622,3.6232142857142806,1.3500000000000003
2017-04-25,2.072619047619048,2.03214285714286,1.9916666666666667,2.7672619047619036,1.7934523809523832,3.6303571428571426,,3.4207142857142885,3.511904761904757,1.3630952380952384
2017-04-26,2.048214285714286,1.9857142857142882,2.2595238095238095,2.6624999999999988,1.7904761904761926,3.4952380952380953,,3.3123809523809555,3.4047619047618998,1.3630952380952384
2017-04-27,2.0892857142857144,2.055952380952383,2.030357142857143,2.541666666666665,1.7880952380952402,3.3666666666666663,,3.2850000000000033,3.574404761904757,1.4071428571428573
2017-04-28,2.175595238095238,2.0708333333333355,2.131547619047619,2.614880952380951,1.7797619047619069,3.447619047619047,,3.383809523809527,3.6559523809523764,1.4273809523809524
2017-04-29,2.1952380952380954,1.9250000000000025,2.1910714285714286,2.70892857142857,1.776190476190478,3.4964285714285706,,3.4064285714285747,3.6845238095238044,1.4202380952380953
2017-04-30,2.1934523809523814,2.0619047619047643,2.1249999999999996,3.1613095238095226,1.7684523809523824,3.4619047619047607,,3.4076190476190513,3.766071428571424,1.4101190476190475
2018-04-01,2.305357142857143,2.6005952380952406,2.1451388888888885,3.1396739130434765,1.7721532091097323,3.313328157349895,,3.464880952380956,3.739259834368525,1.4537525879917184
2018-04-02,2.3642857142857148,3.684523809523812,2.2449999999999997,3.146221532091096,1.8090579710144943,3.115709109730848,,3.37619047619048,3.774974120082811,1.4668478260869564
2018-04-03,2.3303571428571437,3.979166666666669,2.1874999999999996,2.831340579710143,1.8412008281573515,2.959756728778467,,3.400000000000004,3.8791407867494776,1.4936335403726708
2018-04-04,2.4577380952380956,4.026785714285716,2.495833333333333,2.631340579710143,1.8459627329192563,2.784756728778467,,3.402380952380956,3.8225931677018585,1.4567287784679088
2018-04-05,2.36904761904762,4.26011904761905,2.78125,2.3908643892339523,1.8971532091097323,2.532971014492752,,3.3761904761904797,3.924378881987572,1.4460144927536231
2018-04-06,2.2232142857142865,4.513690476190479,1.895833333333334,1.9224120082815712,1.9792960662525896,2.309756728778467,,3.3202380952380985,4.095699228307918,1.4436335403726706
2018-04-07,2.2636904761904773,5.66309523809524,,1.5122929606625237,2.0048913043478276,2.1555900621118003,,3.255952380952384,4.183794466403156,1.413871635610766
2018-04-08,2.275595238095239,5.400000000000002,,1.5166666666666644,2.0476190476190492,2.027380952380951,,3.2142857142857175,4.349296536796531,1.3946428571428569
2018-04-09,2.3773809523809533,4.552380952380955,,1.522023809523807,2.085714285714287,1.9714285714285706,,3.1898809523809555,4.389177489177483,1.3583333333333332
2018-04-10,2.4761904761904763,4.6630952380952415,,1.5261904761904739,2.188690476190478,2.05595238095238,,3.1922619047619083,4.462779973649533,1.3428571428571427
2018-04-11,2.317857142857143,4.6803571428571455,,1.5232142857142834,2.244642857142859,2.0470238095238082,,2.7994047619047655,4.181827592697152,1.336309523809524
2018-04-12,2.257738095238095,4.613095238095242,,1.5178571428571404,2.2250000000000023,1.9202380952380935,,2.2142857142857175,4.027402126858643,1.3607142857142858
2018-04-13,2.2285714285714286,4.681547619047621,,1.4994047619047592,2.2029761904761926,2.03690476190476,,1.6958333333333366,3.9308747412008223,1.3547619047619048
2018-04-14,2.348809523809524,3.7529761904761934,,1.498809523809521,2.2821428571428597,2.167857142857141,,1.241071428571432,3.960636645962727,1.3857142857142855
2018-04-15,2.2619047619047623,4.111309523809528,,1.5077380952380925,2.27261904761905,2.2553571428571413,,0.8726190476190508,3.8534937888198697,1.351785714285714
2018-04-16,2.1880952380952383,4.23214285714286,,1.4970238095238069,2.262500000000003,2.2321428571428554,,0.5255952380952413,3.924508281573493,1.376190476190476
2018-04-17,2.1059523809523806,4.1821428571428605,,1.497619047619045,2.142857142857145,2.1041666666666647,,0.12559523809524129,3.816977225672872,1.4041666666666666
2018-04-18,2.0880952380952382,3.9505952380952416,,1.486904761904759,2.0833333333333357,2.1690476190476176,,3.17516350513612e-15,3.902691511387158,1.4178571428571427
2018-04-19,2.095833333333333,3.8410714285714325,,1.4898809523809495,2.141071428571431,2.3154761904761894,,3.17516350513612e-15,4.080331262939953,1.4172619047619048
2018-04-20,2.289880952380952,4.15119047619048,,1.5011904761904735,2.1452380952380983,2.28392857142857,,3.17516350513612e-15,4.047800207039332,1.4065476190476192
2018-04-21,2.1357142857142852,4.020238095238098,,1.5017857142857114,2.0934523809523835,2.2589285714285707,,3.17516350513612e-15,3.9370859213250458,1.4065476190476192
2018-04-22,2.0494047619047615,3.9815476190476224,,1.4857142857142829,2.058333333333336,2.2874999999999988,,3.17516350513612e-15,3.886490683229808,1.4226190476190474
2018-04-23,2.041666666666666,4.481547619047623,,1.4904761904761876,2.035714285714288,2.407738095238094,,3.17516350513612e-15,3.7624999999999944,1.4297619047619046
2018-04-24,2.1779761904761896,4.4113095238095275,,1.494047619047616,2.1511904761904783,2.5380952380952366,,3.17516350513612e-15,3.88571428571428,1.432738095238095
2018-04-25,2.2708333333333326,4.759523809523812,,1.562499999999997,2.2089285714285736,2.606547619047617,,3.17516350513612e-15,4.109523809523804,1.433928571428571
2018-04-26,2.344047619047618,5.39464285714286,,1.566666666666664,2.2172619047619064,2.5488095238095223,,3.17516350513612e-15,3.9255952380952333,1.414285714285714
2018-04-27,2.3380952380952373,5.5708333333333355,,1.5565476190476164,2.2345238095238114,2.408333333333332,,3.17516350513612e-15,3.8547619047618995,1.4357142857142855
2018-04-28,2.4005952380952373,5.734523809523812,,1.5630952380952354,2.286904761904764,2.408333333333332,,3.17516350513612e-15,3.936904761904757,1.4077380952380951
2018-04-29,2.4011904761904757,5.601190476190477,,1.5749999999999977,2.349404761904764,2.452380952380951,,3.17516350513612e-15,3.9707556935817756,1.4202380952380949
2018-04-30,2.4178571428571423,5.245238095238097,,1.5726190476190451,2.3589285714285735,2.3422619047619033,,3.17516350513612e-15,3.919565217391299,1.4119047619047618
2019-04-01,2.179166666666666,4.955952380952383,1.1913043478260879,1.5553571428571402,2.2946428571428594,2.114285714285713,5.61666666666666,0.6702380952380986,3.7326604554865375,1.401190476190476
2019-04-02,2.147023809523809,4.615476190476192,1.1581521739130438,1.4666666666666643,2.364285714285716,2.2244047619047604,5.120833333333331,1.3238095238095273,3.627898550724633,1.4220238095238094
2019-04-03,2.1749999999999994,3.9327380952380984,1.3304347826086957,1.5374999999999976,2.2744047619047643,2.2636904761904746,5.062499999999997,1.9636904761904797,3.667779503105585,1.455357142857143
2019-04-04,2.0238095238095233,3.2595238095238126,1.4176177536231882,1.6291666666666644,2.3988095238095255,2.428571428571427,5.159374999999998,2.6886904761904793,3.8005175983436805,1.4357142857142855
2019-04-05,2.123639455782312,2.915476190476193,1.299927536231884,1.6232142857142833,2.4797619047619075,2.451785714285713,5.121617647058822,3.3285714285714314,3.808850931677014,1.474404761904762
2019-04-06,2.1662585034013597,2.4910714285714315,1.3707729468599033,1.6464285714285691,2.383333333333336,2.3309523809523793,5.121617647058822,3.9095238095238125,3.8630952380952337,1.492857142857143
2019-04-07,2.0080286897367636,1.983928571428574,1.401656314699793,1.5839285714285691,2.640476190476193,2.410766045548653,5.121617647058822,4.451138716356111,3.8904503105590016,1.533333333333334
2019-04-08,2.1336239278320015,1.9613095238095262,1.372541407867495,1.5613095238095214,2.529761904761907,2.7030279503105574,4.8982843137254894,4.431495859213253,3.9434265010351917,1.5505952380952388
2019-04-09,1.965647737355811,2.041666666666669,1.5142080745341617,1.6416666666666642,2.3464285714285733,2.6506469979296057,4.839950980392157,4.415424430641824,4.011283643892335,1.5607142857142864
2019-04-10,1.9986834516415253,2.00059523809524,1.4868271221532094,1.6005952380952355,2.8833333333333355,2.6946946169772246,4.872034313725489,4.414233954451348,4.092236024844715,1.551190476190477
2019-04-11,2.047492975451049,2.0267857142857166,1.4177795031055904,1.6267857142857114,2.647023809523812,2.6494565217391295,4.698700980392156,4.2701863354037295,4.088664596273287,1.5529761904761912
2019-04-12,1.9982582815734982,2.11011904761905,1.6082556935817807,1.710119047619045,2.515476190476193,2.6887422360248436,4.534583333333332,4.271376811594206,3.9960662525879873,1.5434523809523815
2019-04-13,1.9901630434782602,2.1321428571428593,1.71777950310559,1.7321428571428545,2.801785714285716,2.6881469979296053,4.454513888888888,4.293400621118016,3.9674948240165584,1.5583333333333336
2019-04-14,2.1489880952380944,2.2642857142857165,1.619047619047619,1.8642857142857119,2.464880952380955,2.6886904761904753,4.52470238095238,4.363095238095241,4.121687370600409,1.5357142857142858
2019-04-15,2.091964285714285,2.404166666666669,1.7029761904761904,2.004166666666664,2.5166666666666697,2.602380952380951,4.609821428571428,4.443452380952384,4.184187370600409,1.5476190476190477
2019-04-16,2.1312499999999996,2.4726190476190504,1.5857142857142856,2.072619047619045,2.667682072829135,2.5553571428571416,4.671726190476191,4.440476190476194,4.060973084886123,1.5226190476190475
2019-04-17,2.141666666666666,2.4714285714285746,1.713095238095238,2.071428571428569,2.511409179056241,2.3976190476190467,4.686904761904762,4.40714285714286,3.9145445134575514,1.536904761904762
2019-04-18,2.9068452380952374,2.3988095238095264,1.6779761904761905,1.9988095238095216,2.6219041665249128,2.1309523809523796,4.610714285714286,4.4928571428571455,3.825854037267075,1.568452380952381
2019-04-19,2.841369047619047,2.36666666666667,1.4970238095238095,1.9666666666666643,2.743332737953484,1.8738095238095227,4.527380952380952,4.455952380952383,3.7738095238095184,1.5660714285714286
2019-04-20,2.9681547619047612,2.366071428571432,1.360119047619048,1.9660714285714265,2.526666071286818,1.9434523809523796,4.667261904761905,4.473809523809526,3.792261904761899,1.532142857142857
2019-04-21,2.8794642857142847,2.2839285714285746,1.5809523809523813,1.8839285714285694,2.6546422617630085,1.9416666666666658,4.585714285714285,4.405952380952383,3.6077380952380897,1.5619047619047621
2019-04-22,2.903154761904761,2.292261904761908,1.5095238095238097,1.892261904761903,2.67607083319158,1.8273809523809514,4.404761904761905,4.251785714285716,3.5434523809523752,1.5625
2019-04-23,3.027083333333333,2.3053571428571464,1.441071428571429,1.9053571428571408,2.7911268556005435,1.7714285714285702,4.4595238095238106,4.295238095238098,3.5779761904761846,1.5601190476190478
2019-04-24,2.8044642857142854,2.255357142857146,1.3577380952380957,1.8553571428571407,2.389661654135342,1.7797619047619035,4.585119047619048,4.285119047619051,3.717857142857137,1.5226190476190475
2019-04-25,2.0846428571428572,2.2833333333333363,1.4142857142857146,1.883333333333331,2.4657738095238138,1.8863095238095224,4.861309523809525,4.221428571428575,3.8113095238095185,1.5238095238095242
2019-04-26,2.0108333333333337,2.385714285714289,1.3898809523809526,1.9857142857142838,3.0038690476190517,2.073214285714285,5.260714285714286,4.180952380952383,3.976785714285709,1.530357142857143
2019-04-27,1.956071428571429,2.436309523809527,1.3602743271221533,2.0363095238095212,3.4252976190476234,1.9922619047619035,5.352944862155389,4.102976190476192,3.961996336996332,1.5791666666666666
2019-04-28,2.0310714285714284,2.5172619047619076,1.196557971014493,2.117261904761903,3.480654761904766,1.84642857142857,5.51593567251462,4.079761904761908,4.111520146520141,1.5607142857142857
2019-04-29,2.0215476190476194,2.4958333333333362,1.1507246376811597,2.095833333333331,3.5122023809523855,1.8357142857142843,5.85328947368421,4.148809523809526,4.1775915750915695,1.556547619047619
2019-04-30,1.9721428571428568,2.3464285714285733,1.1769151138716356,1.9464285714285692,3.4497023809523846,1.8910714285714272,5.530981781376518,4.033333333333336,4.3460439560439506,1.5904761904761906
