Date,Aguascalientes,Chihuahua,Cuernavaca,Ecatepec de Morelos,Guadalajara,Mexico City,Monterrey,Morelia,Mérida,Oaxaca,Pachuca de Soto,Puebla,San Luis Potosí,Tepic,Toluca
2017-01-01,11.62,4.62,5.18,,1.96,3.01,,6.16,,2.24,3.36,,,2.8,4.06
2017-01-02,4.13,5.74,5.32,,2.17,3.01,,5.67,,1.96,1.47,,1.12,2.94,5.04
2017-01-03,4.48,6.09,13.02,,2.24,10.01,,6.02,,1.96,,,0.7,3.15,9.03
2017-01-04,3.36,6.02,13.51,,2.38,4.06,,7.28,,1.82,,,1.68,3.36,10.01
2017-01-05,6.72,5.6,11.13,4.06,2.45,4.06,,6.02,,1.82,3.36,,0.35,3.22,8.05
2017-01-06,4.34,4.83,6.23,,2.8,3.22,,6.02,,1.75,3.78,,1.61,3.15,6.02
2017-01-07,3.22,4.9,6.09,,2.31,6.02,,7.21,,1.33,1.61,,,3.22,4.06
2017-01-08,2.52,4.9,15.19,,2.1,12.04,,9.03,,1.12,1.12,,2.66,3.22,5.04
2017-01-09,2.38,5.53,9.1,,2.59,14.0,,6.16,0.42,1.26,1.12,,2.45,3.36,5.04
2017-01-10,4.27,5.6,9.59,,2.66,10.01,,9.1,,1.33,2.52,,2.03,3.36,5.04
2017-01-11,4.27,4.62,14.84,,2.8,5.04,,10.01,0.21,1.33,2.8,,1.54,3.36,6.02
2017-01-12,0.98,4.9,11.62,,3.01,4.13,,11.13,,,2.03,,0.77,3.22,7.0
2017-01-13,3.64,6.02,19.95,,2.38,3.01,,11.06,,,1.26,,0.77,3.36,6.02
2017-01-14,3.08,5.6,6.02,,2.24,9.03,,13.02,,,1.19,,0.63,3.36,6.02
2017-01-15,1.47,4.76,6.44,,2.31,5.67,,9.38,,,1.54,,0.98,3.22,5.04
2017-01-16,1.61,5.18,6.72,,2.17,4.06,,8.12,,1.75,1.89,,1.19,3.22,6.02
2017-01-17,2.24,4.97,5.11,,1.96,5.04,,9.1,0.07,2.03,2.17,,1.4,3.43,5.04
2017-01-18,3.71,5.74,6.23,,2.03,2.03,,7.0,,1.75,2.38,,1.54,2.94,6.02
2017-01-19,4.41,5.04,3.22,,1.75,3.01,,5.04,,2.03,1.82,,0.35,3.36,6.02
2017-01-20,3.64,4.83,2.94,,1.75,2.03,,5.04,,4.55,1.54,,2.24,3.15,6.02
2017-01-21,,4.83,3.15,,2.03,2.03,,5.11,,4.62,1.68,,2.38,2.94,6.02
2017-01-22,,4.9,3.15,,1.96,2.38,,7.0,,4.55,1.54,,1.4,3.01,6.02
2017-01-23,1.05,4.83,24.71,,2.38,4.06,,6.93,,4.62,2.17,,0.28,3.22,6.02
2017-01-24,0.77,7.91,8.89,,2.24,3.01,,6.58,,4.2,2.31,,0.14,3.22,6.02
2017-01-25,2.66,8.54,4.69,,2.17,3.01,,4.76,,4.76,2.66,,1.19,3.01,5.04
2017-01-26,3.01,6.02,5.6,,2.03,5.04,,7.91,,4.34,2.59,,0.91,3.01,6.02
2017-01-27,3.78,9.52,4.76,,2.45,4.06,,5.81,,4.55,2.59,,,3.01,6.02
2017-01-28,3.08,4.83,3.92,,2.38,4.06,,5.74,,4.41,1.82,,0.42,3.22,5.04
2017-01-29,2.17,6.72,4.06,,1.89,11.06,,5.81,,3.92,1.4,,1.47,2.94,5.04
2017-01-30,3.57,7.91,10.92,,2.24,14.0,,5.04,,4.13,1.12,,0.91,3.15,5.04
2017-01-31,0.63,7.0,10.15,,2.24,6.02,,7.49,,4.55,,,0.42,3.15,6.02
2017-02-01,,6.23,10.43,,1.82,6.02,,5.67,,4.62,,,,3.22,5.04
2017-02-02,3.43,6.51,6.37,,2.03,6.02,,4.83,,4.41,,,,3.36,6.02
2017-02-03,2.8,7.35,5.6,,2.03,3.36,,4.69,,4.34,,,1.12,3.43,6.02
2017-02-04,2.52,6.44,4.9,,2.17,4.13,,4.9,,4.55,,,1.54,3.36,6.02
2017-02-05,3.36,6.65,6.79,,1.75,4.06,,5.25,,4.83,,,0.7,3.43,5.04
2017-02-06,0.35,5.25,7.63,,1.82,4.06,,3.99,,4.76,,,1.19,3.5,6.02
2017-02-07,3.36,5.95,4.48,,1.96,3.15,,5.04,,5.04,,,2.24,4.06,6.02
2017-02-08,2.31,5.81,6.16,,2.66,3.01,,6.02,,4.76,,,1.4,4.2,6.02
2017-02-09,0.56,6.65,6.79,,2.45,2.03,,6.16,,4.55,,,0.56,4.13,5.04
2017-02-10,3.43,9.45,7.28,,2.24,4.48,,9.03,,4.41,,,0.63,3.85,6.44
2017-02-11,3.57,10.99,8.61,,2.31,6.02,,4.06,,4.76,,,0.56,3.85,7.0
2017-02-12,,7.35,7.07,,2.17,5.04,,6.09,,4.76,,,1.54,3.85,6.02
2017-02-13,0.56,5.25,6.51,,2.03,4.06,,4.62,0.21,4.62,,,0.98,3.71,6.86
2017-02-14,1.4,5.04,2.24,,2.03,3.57,,3.29,,4.41,3.71,,1.05,3.71,6.02
2017-02-15,3.15,5.04,2.52,,2.03,2.73,,4.13,,4.41,2.66,,1.19,3.5,6.02
2017-02-16,0.91,5.25,2.38,,1.89,2.1,,3.78,,4.34,2.8,,1.75,3.43,6.02
2017-02-17,1.61,5.04,1.61,,1.96,2.1,,3.29,,4.06,2.73,,2.31,3.5,5.04
2017-02-18,3.15,5.04,1.89,,1.82,2.03,,2.87,,4.06,2.8,,2.87,3.71,6.02
2017-02-19,1.12,4.83,1.47,,1.54,2.03,,3.01,,4.34,2.87,,1.54,3.43,6.02
2017-02-20,3.78,4.83,1.82,,2.03,2.03,,2.52,,4.83,2.8,,1.54,3.36,6.02
2017-02-21,3.64,5.32,7.0,,2.17,4.06,,8.05,,4.55,2.73,,1.54,3.64,6.02
2017-02-22,2.1,6.3,19.67,,2.17,5.04,,5.81,,4.55,2.8,,1.47,3.64,8.05
2017-02-23,1.19,4.83,3.01,,2.1,3.01,,4.06,,4.34,2.94,,0.63,3.71,8.05
2017-02-24,1.89,5.11,2.17,,2.03,2.66,,3.78,0.42,4.34,,,2.03,3.71,7.0
2017-02-25,,5.74,7.14,,2.31,4.06,,4.76,0.07,4.2,,,,3.85,7.0
2017-02-26,,9.03,7.21,,2.1,2.8,,4.06,,4.41,2.66,,0.14,3.5,7.0
2017-02-27,,9.17,5.04,,1.89,3.01,,3.99,,4.41,2.87,,1.54,3.85,7.0
2017-02-28,,9.17,9.17,,1.96,3.01,,4.83,,4.13,2.87,,0.28,3.92,7.0
2017-03-01,,5.74,8.96,,2.31,4.06,,5.53,,4.41,2.52,,,4.06,8.05
2017-03-02,,5.53,2.66,,2.52,2.24,,8.82,0.07,4.34,2.38,,0.56,4.2,9.03
2017-03-03,,6.3,3.36,,1.96,2.03,,9.03,0.07,3.5,2.38,,1.19,4.13,10.01
2017-03-04,,5.25,22.26,,1.96,5.04,,5.53,,4.2,2.38,,1.05,3.92,7.0
2017-03-05,,4.83,8.12,,1.96,3.01,,3.85,,4.55,2.31,,2.59,3.71,7.0
2017-03-06,,5.04,10.15,,2.03,3.01,,4.27,,4.41,2.24,,1.12,3.85,7.0
2017-03-07,,5.25,8.61,,2.1,2.03,0.0,5.04,,4.55,2.31,,1.33,3.92,6.3
2017-03-08,,5.81,4.76,,2.1,3.01,,5.04,0.07,4.34,2.1,,1.19,3.92,6.02
2017-03-09,,4.9,4.27,,2.31,3.01,,4.41,,4.34,2.1,,1.68,4.2,6.02
2017-03-10,,5.11,7.63,,1.89,5.04,,5.39,0.14,4.55,2.03,,,4.13,6.02
2017-03-11,,4.9,6.16,,1.89,3.01,,6.93,0.35,4.41,2.17,,,4.06,6.02
2017-03-12,,5.25,4.48,,1.89,6.02,,5.46,,4.41,1.82,,,4.13,6.02
2017-03-13,11.06,5.11,3.78,,2.03,5.04,,7.56,4.62,4.41,1.96,,,3.92,6.02
2017-03-14,11.27,5.11,7.56,,2.24,2.03,,9.03,,4.06,1.96,,,4.06,6.02
2017-03-15,11.06,5.32,6.37,,2.1,2.24,0.0,8.75,,4.2,1.96,,,4.2,6.02
2017-03-16,10.71,5.11,4.13,,2.31,2.03,,8.4,,4.06,1.96,,0.49,4.2,7.0
2017-03-17,10.64,5.11,7.56,,2.38,3.01,,8.75,0.35,3.85,2.03,,,4.13,8.05
2017-03-18,10.29,5.46,12.39,,2.1,4.06,0.0,8.05,,3.85,2.17,,0.14,4.34,12.04
2017-03-19,10.01,4.9,7.91,,1.96,3.01,,10.01,,3.85,2.1,,,4.13,13.02
2017-03-20,9.87,4.83,4.83,,2.1,6.02,,7.77,,,2.03,,0.7,4.13,7.0
2017-03-21,9.73,5.04,12.53,,2.1,3.01,,8.05,,4.13,2.17,,0.21,4.2,7.0
2017-03-22,9.17,5.32,7.0,,2.66,2.1,,8.19,,4.13,2.38,,,4.34,7.0
2017-03-23,9.1,4.83,6.3,,2.31,3.01,,6.23,0.49,3.5,2.59,,,4.06,7.0
2017-03-24,8.61,5.11,7.0,,2.17,3.01,,6.37,,3.92,3.29,,,4.13,7.0
2017-03-25,8.26,5.11,4.76,,2.1,3.01,,6.02,,4.2,2.38,,,4.06,8.05
2017-03-26,7.49,4.83,3.99,,2.03,2.45,0.0,6.51,0.28,4.34,2.52,,0.7,4.13,7.0
2017-03-27,7.63,5.04,3.5,,1.82,3.01,,5.67,,4.2,2.59,,,3.92,7.0
2017-03-28,7.84,5.04,3.15,,2.38,2.87,,6.58,,4.76,2.45,,,4.06,8.05
2017-03-29,,,,,2.31,,,6.02,,,,,,,
2017-03-30,5.81,5.04,3.71,,2.17,2.03,,5.67,,,2.24,,,3.64,7.0
2017-03-31,6.3,4.9,3.85,,2.31,2.03,,6.23,0.14,2.45,2.31,,,4.2,6.02
2017-04-01,6.02,4.9,1.82,,1.82,2.03,,4.34,,2.45,2.52,,,4.06,7.0
2017-04-02,4.48,4.9,3.15,,1.61,2.03,,5.67,,2.24,2.45,,,3.01,3.01
2017-04-03,4.48,5.04,2.24,,1.82,2.87,,6.02,,2.31,3.15,,1.47,3.71,5.04
2017-04-04,4.13,4.83,2.24,,2.24,2.31,,6.16,,2.66,2.73,,1.05,3.92,6.02
2017-04-05,3.78,4.9,3.36,,2.24,3.22,,10.85,,2.31,5.39,,0.14,4.2,6.02
2017-04-06,3.71,5.46,19.46,,2.24,2.03,,7.0,2.59,2.31,,,,4.76,6.02
2017-04-07,3.22,5.32,4.34,,2.24,3.01,,6.44,2.1,2.31,4.06,,,4.2,6.02
2017-04-08,2.87,5.25,2.66,,2.24,3.01,,6.65,2.1,3.85,2.8,,,4.06,6.02
2017-04-09,2.8,4.83,4.34,,1.96,2.24,,6.02,2.1,3.85,3.15,,,3.71,6.02
2017-04-10,2.8,5.11,3.71,,2.31,3.01,,5.6,2.31,4.41,3.43,,,3.71,6.02
2017-04-11,2.8,5.46,3.36,,2.17,3.01,,8.33,2.24,4.34,2.31,,,3.92,6.02
2017-04-12,2.1,5.04,3.08,,2.24,2.03,,11.06,2.24,4.2,2.1,,,3.85,6.02
2017-04-13,1.96,5.04,6.65,,2.31,2.03,,8.75,2.17,4.34,2.24,,,3.85,6.02
2017-04-14,2.03,5.04,2.59,,2.24,2.03,,9.45,2.17,4.2,2.24,,,3.64,4.76
2017-04-15,2.17,5.04,3.71,,2.24,3.01,,9.1,2.1,4.2,2.24,,,3.43,5.04
2017-04-16,1.96,5.25,3.08,,2.31,5.04,,9.1,2.17,4.34,2.17,,,3.64,5.04
2017-04-17,2.1,5.04,2.45,,2.52,2.03,,7.0,2.1,4.41,2.8,,,3.64,5.04
2017-04-18,1.96,5.25,3.22,,2.45,2.03,,10.57,2.24,4.41,2.31,,,3.71,5.04
2017-04-19,1.75,5.11,4.48,,2.17,4.06,,13.93,2.1,4.34,2.45,,0.49,3.71,5.04
2017-04-20,1.33,5.6,5.74,,2.45,4.06,,9.03,2.03,4.34,2.31,,0.14,4.13,8.05
2017-04-21,0.98,5.46,9.03,,2.17,3.99,,9.52,2.1,4.55,2.52,,0.14,3.85,7.0
2017-04-22,0.91,5.6,7.0,,2.59,4.06,,12.11,2.1,4.62,2.38,,,3.5,7.0
2017-04-23,0.56,4.9,4.55,,2.1,2.03,,11.83,2.03,,2.1,,,3.22,7.0
2017-04-24,0.56,4.9,3.15,,1.96,2.38,,7.7,2.31,,3.08,,,3.43,7.0
2017-04-25,0.49,4.9,2.66,,1.82,3.01,,6.16,2.24,3.92,2.8,,,3.5,7.0
2017-04-26,0.21,5.11,2.24,,1.96,3.01,,5.88,2.24,3.92,3.08,,,3.5,5.04
2017-04-27,0.07,5.11,6.58,,2.24,4.06,,7.56,2.1,2.94,3.36,,,3.43,6.02
2017-04-28,0.07,5.11,3.01,,2.31,3.01,,6.72,2.1,4.2,3.36,,0.77,3.36,6.02
2017-04-29,0.07,4.9,2.45,,2.1,2.66,,6.02,2.1,4.34,2.87,,0.35,3.22,6.02
2017-04-30,0.07,4.83,4.06,,2.31,3.01,,7.56,2.1,4.62,3.36,,0.21,3.36,5.04
2017-05-01,,5.25,10.5,,2.1,4.06,,7.42,2.1,5.46,3.43,,,3.15,5.04
2017-05-02,0.07,5.11,4.62,,2.24,4.06,,7.7,2.24,4.41,5.11,,0.42,3.43,6.02
2017-05-03,0.07,5.04,3.22,,2.38,9.03,,6.72,2.24,4.41,4.55,,0.35,3.43,5.04
2017-05-04,0.07,4.83,4.55,1.05,2.45,3.01,,6.65,2.17,4.34,2.87,,,3.5,6.02
2017-05-05,0.07,4.9,3.64,,2.1,2.73,,9.03,,4.41,2.8,,,3.5,5.04
2017-05-06,0.07,5.11,3.5,,2.1,3.01,,6.86,,4.55,1.61,,,3.5,7.0
2017-05-07,0.07,4.9,3.36,2.03,2.31,4.06,,6.02,2.17,4.62,1.54,,,3.15,6.02
2017-05-08,,5.11,4.34,2.03,2.24,5.04,,6.93,2.24,5.04,1.54,,0.14,3.22,6.02
2017-05-09,0.07,5.11,3.01,,2.8,3.01,,7.21,2.03,4.62,2.24,,0.14,3.22,6.02
2017-05-10,,5.04,2.8,3.01,2.66,5.04,,8.4,2.17,4.9,3.08,,,3.43,6.02
2017-05-11,0.07,5.25,4.41,2.03,2.38,4.06,,7.98,2.03,5.32,2.31,,0.98,3.22,8.05
2017-05-12,0.07,5.53,2.66,2.03,2.73,3.01,,8.54,2.1,4.76,2.1,,0.42,2.8,7.0
2017-05-13,0.07,5.46,3.01,2.03,2.66,3.01,,8.12,2.03,4.41,1.68,,0.21,2.52,6.02
2017-05-14,0.07,5.04,9.8,,2.31,5.04,,6.3,2.03,4.55,1.61,,,2.45,6.02
2017-05-15,,5.11,3.01,1.05,2.24,3.01,,6.44,2.03,4.55,1.89,,0.14,2.52,6.02
2017-05-16,0.07,5.11,3.92,2.03,2.94,3.01,,6.65,1.96,5.11,2.59,,,2.66,6.02
2017-05-17,0.07,5.11,3.01,2.03,2.66,3.01,,7.0,1.68,5.25,2.24,,,2.8,6.02
2017-05-18,0.07,5.11,3.29,2.03,2.52,3.22,,7.0,,4.34,2.87,,,2.73,6.02
2017-05-19,,5.25,3.43,2.03,2.38,3.01,,7.0,,4.55,2.31,,1.61,2.73,7.0
2017-05-20,,5.32,3.29,2.03,2.66,3.01,,7.0,,4.34,2.24,,0.49,2.73,6.02
2017-05-21,,5.04,2.31,1.05,2.31,3.01,,8.33,,4.62,1.82,,0.49,2.66,7.0
2017-05-22,,5.11,2.59,2.03,2.45,5.04,,7.77,1.96,4.83,1.82,,0.42,2.73,6.02
2017-05-23,,5.32,1.89,,3.08,3.01,,6.58,1.89,4.83,1.96,,0.21,2.8,6.02
2017-05-24,,5.53,2.87,,2.66,2.24,,7.07,,,1.68,,0.28,2.73,6.02
2017-05-25,,5.32,2.03,2.03,2.03,2.03,,6.51,,4.83,2.1,,,2.73,5.04
2017-05-26,,5.32,2.03,1.05,2.24,2.03,,7.56,,4.76,2.1,,,2.94,6.02
2017-05-27,,5.11,3.85,2.03,2.24,4.06,,8.05,,4.83,1.75,,0.56,2.94,6.02
2017-05-28,,5.46,2.03,2.03,1.89,3.01,,9.03,,4.62,1.89,,0.56,2.94,6.02
2017-05-29,0.07,5.11,1.54,2.03,3.01,2.66,,11.06,,4.83,1.68,,0.21,2.94,6.02
2017-05-30,0.07,5.11,1.26,,2.24,2.03,,26.04,,4.83,1.61,,0.35,2.8,7.0
2017-05-31,0.07,5.25,1.19,2.03,2.31,2.03,,14.07,,5.04,1.54,,0.84,2.94,7.0
2018-01-01,,,,,2.73,,,,,,,,,,
2018-01-02,,,,,2.52,,,,,,,,,,
2018-01-03,,,,,2.45,,,,,,,,,,
2018-01-04,,8.05,9.8,,2.1,4.06,,10.99,,6.93,3.43,,,2.8,1.68
2018-01-05,,8.12,7.98,,2.45,3.78,,12.81,,6.86,3.15,,,2.8,2.38
2018-01-06,,8.75,8.75,,2.66,3.01,,10.01,,6.86,2.8,,,3.01,2.45
2018-01-07,,8.12,6.65,,2.66,5.04,,10.36,,6.93,4.06,,,2.94,3.43
2018-01-08,,5.25,3.71,1.05,2.66,3.01,,11.06,,,3.36,,,3.22,4.06
2018-01-09,,5.46,5.46,3.01,2.94,4.06,,10.01,,,2.94,,,3.22,5.04
2018-01-10,,8.05,8.4,3.01,2.87,8.05,,8.47,,,7.14,,,3.36,6.02
2018-01-11,,1.82,3.29,2.03,2.59,4.06,,7.0,,,4.34,,1.4,3.22,5.04
2018-01-12,,4.9,3.92,,1.96,3.01,,10.01,,,2.87,,2.31,3.15,6.02
2018-01-13,,7.7,8.89,2.03,2.8,5.04,,12.04,,,2.87,,,3.22,7.0
2018-01-14,,2.94,2.66,5.04,2.38,9.24,,10.01,,,2.87,,,3.22,6.02
2018-01-15,,4.62,4.34,6.02,2.17,13.02,,7.28,,,3.08,,,3.43,5.04
2018-01-16,,1.61,5.53,3.01,3.15,8.05,,9.8,,,2.87,,,3.36,6.02
2018-01-17,,4.34,3.5,,2.24,3.01,,14.98,,,2.94,,,3.36,6.02
2018-01-18,,4.76,6.93,3.01,2.17,7.0,0.0,6.23,,7.21,3.29,,,3.36,5.04
2018-01-19,,5.6,7.07,1.05,2.17,3.01,,8.75,,7.14,3.99,,,3.36,6.02
2018-01-20,,4.2,5.67,1.05,2.17,3.01,0.0,8.47,,6.93,3.64,,,3.36,5.04
2018-01-21,,1.61,3.78,2.03,2.17,3.01,,9.59,,7.14,4.06,,,3.22,5.04
2018-01-22,,4.55,3.64,,2.59,3.01,,11.41,,7.21,3.5,,3.78,3.64,6.02
2018-01-23,,9.24,9.66,2.03,2.1,7.0,,5.46,,7.14,2.94,,,3.64,5.04
2018-01-24,,4.41,2.52,1.05,1.82,3.01,,6.23,,7.0,2.73,,2.31,3.01,5.04
2018-01-25,,9.66,2.38,4.06,2.1,2.03,0.0,15.68,,6.93,2.87,,2.24,2.8,5.04
2018-01-26,,3.01,5.04,1.05,2.17,3.01,,8.26,,7.14,3.22,,1.89,2.94,5.04
2018-01-27,,3.71,4.06,2.03,2.45,3.01,,7.0,,7.14,,,2.1,3.15,5.04
2018-01-28,,2.66,2.87,,1.89,2.59,,9.94,,7.0,2.73,,3.29,3.15,5.04
2018-01-29,,3.36,1.4,,1.96,2.03,0.0,10.08,,7.0,2.73,,1.47,2.73,4.06
2018-01-30,,9.52,2.03,1.05,1.96,3.01,,11.76,,6.86,2.87,,1.05,2.94,6.02
2018-01-31,,10.43,3.78,1.05,2.1,4.06,,14.63,,6.23,3.64,,3.15,2.94,6.02
2018-02-01,,8.82,4.06,2.03,2.31,3.01,,12.53,,7.0,3.22,,,3.36,5.04
2018-02-02,,4.55,3.57,1.05,1.82,2.52,,10.01,,7.0,,,2.8,3.01,6.02
2018-02-03,,2.45,5.95,2.03,2.31,5.04,,10.36,,7.14,,,0.35,3.36,6.02
2018-02-04,,3.15,5.53,1.05,2.03,4.06,,15.4,,7.35,,,1.4,3.15,6.02
2018-02-05,,3.92,3.36,2.03,1.75,2.03,,8.89,,6.93,3.29,,1.82,3.22,6.02
2018-02-06,,2.94,2.8,4.06,2.24,4.06,,8.4,,7.14,3.92,,2.1,3.15,6.02
2018-02-07,,2.1,3.22,2.03,2.24,3.01,,15.05,,7.21,3.29,,1.19,3.15,6.02
2018-02-08,,5.74,2.59,,1.96,2.03,,17.01,,7.14,2.8,,1.47,3.15,5.04
2018-02-09,,10.22,2.59,2.03,1.75,4.06,,8.33,,7.35,3.01,,2.1,2.94,5.04
2018-02-10,,1.82,1.26,2.03,1.89,3.01,,8.05,,7.21,3.15,,1.68,2.94,5.04
2018-02-11,,10.71,2.8,,2.24,3.01,0.0,6.3,,7.14,3.29,,2.87,3.15,5.04
2018-02-12,7.28,3.01,2.38,1.05,2.03,3.01,0.0,7.63,,7.14,3.01,,2.31,3.15,5.04
2018-02-13,3.78,10.92,2.1,2.03,1.96,4.06,0.0,14.0,,7.21,2.87,,1.68,3.36,5.04
2018-02-14,1.54,3.15,3.01,2.03,1.82,4.06,0.0,22.12,,7.14,2.94,,2.45,3.15,5.04
2018-02-15,2.94,11.55,3.15,,2.03,5.04,,11.13,,7.21,3.08,,2.31,3.22,5.04
2018-02-16,2.87,9.94,4.83,,2.03,4.06,,10.5,,7.35,2.87,,2.03,3.22,6.02
2018-02-17,3.43,11.41,4.83,7.0,2.17,6.02,,9.03,,7.21,3.5,,0.77,3.15,6.02
2018-02-18,4.62,2.1,5.95,2.03,2.1,4.06,,5.04,,7.21,3.15,,2.24,3.01,5.04
2018-02-19,3.01,11.41,6.65,,2.1,3.01,,6.79,,7.35,3.64,,2.87,3.01,5.04
2018-02-20,2.87,1.33,4.97,,2.24,2.03,,5.04,,7.14,3.85,,1.61,3.15,5.04
2018-02-21,3.15,1.54,3.99,2.03,2.03,3.01,,8.75,,7.14,3.22,,1.26,3.22,6.02
2018-02-22,2.73,11.76,2.45,2.03,2.24,2.03,,9.1,,5.95,3.08,,0.91,3.36,6.02
2018-02-23,2.59,11.9,4.55,3.01,2.1,5.04,0.0,5.6,,4.62,3.22,,1.54,3.36,5.04
2018-02-24,5.81,1.75,2.45,2.03,1.96,4.06,0.0,4.83,,7.14,3.64,,,3.22,5.04
2018-02-25,2.31,4.34,3.85,2.03,1.96,3.01,,6.02,,7.0,3.5,,,3.36,5.04
2018-02-26,5.11,4.34,2.87,,2.03,2.73,,6.02,,6.51,3.15,,2.38,3.43,6.02
2018-02-27,3.99,13.02,6.02,2.03,1.82,3.01,0.0,8.19,,5.95,3.08,,2.31,3.22,5.04
2018-02-28,0.77,7.0,2.31,1.05,1.82,3.01,,6.44,,5.95,3.57,,0.84,3.43,4.06
2018-03-01,,2.31,3.57,2.03,2.17,3.01,,7.35,,7.21,3.08,,,3.71,5.04
2018-03-02,4.55,5.53,22.4,,2.1,2.03,0.0,21.0,,7.0,2.87,,,4.2,5.04
2018-03-03,3.15,1.33,4.13,2.03,2.03,5.04,,14.77,,4.76,,,,4.34,6.02
2018-03-04,2.66,1.33,7.49,2.03,1.89,3.01,,8.96,,6.72,3.01,,,4.2,5.04
2018-03-05,2.87,2.52,5.25,2.03,2.03,3.01,0.0,5.32,,7.14,3.57,,,4.41,5.04
2018-03-06,3.08,3.92,2.66,3.01,2.31,3.01,,7.91,1004.0,7.0,3.43,,,4.41,5.04
2018-03-07,2.94,7.42,2.03,1.05,2.45,4.06,,7.42,,3.22,2.8,,,4.55,5.04
2018-03-08,3.15,2.73,2.8,,2.38,3.01,,7.07,,2.52,3.29,,,4.34,5.04
2018-03-09,2.87,2.03,1.61,2.03,2.03,3.01,,7.14,,3.15,3.43,,,4.41,5.04
2018-03-10,3.36,2.24,2.03,,2.17,2.66,,8.05,,4.41,3.22,,,4.41,4.06
2018-03-11,3.57,8.33,3.01,1.05,2.03,3.01,0.0,7.84,,3.36,,,,4.55,4.06
2018-03-12,3.57,4.62,5.32,,2.03,2.03,,5.53,,3.43,,,,4.41,5.04
2018-03-13,3.57,7.91,2.31,,2.17,3.36,,5.04,,4.2,,,,4.41,4.06
2018-03-14,3.92,7.91,6.3,3.01,2.1,5.11,,7.0,,4.13,,,0.07,4.13,5.04
2018-03-15,3.22,7.63,2.87,,2.03,3.01,,8.26,,4.06,,,0.7,4.34,4.06
2018-03-16,2.45,2.73,2.31,,2.1,2.03,0.0,9.8,1004.0,4.83,,,,4.41,5.04
2018-03-17,2.73,7.56,2.87,1.05,2.38,3.01,,9.03,,4.13,,,,4.55,5.04
2018-03-18,2.24,7.42,3.08,1.05,2.03,2.03,0.0,5.25,,4.06,,,,4.34,5.04
2018-03-19,2.31,2.52,2.73,2.03,2.31,2.24,,8.54,1004.0,4.9,,,,4.2,5.04
2018-03-20,2.31,7.63,3.85,2.03,2.24,3.01,0.0,8.96,,4.83,,,,4.55,5.04
2018-03-21,2.66,4.34,4.41,1.05,2.52,3.01,,5.39,,4.83,3.22,,,4.34,5.04
2018-03-22,2.38,7.42,5.04,4.06,1.96,3.01,,7.91,,3.43,3.22,,,4.2,5.04
2018-03-23,2.87,7.56,4.06,3.01,2.1,4.06,0.0,10.01,,3.22,3.29,,,4.41,6.02
2018-03-24,2.8,3.01,5.6,,2.24,2.03,,10.01,,3.36,3.22,,,4.41,5.04
2018-03-25,2.66,4.76,9.59,2.03,2.03,2.52,,9.17,,2.66,3.43,,,4.62,5.04
2018-03-26,2.52,3.22,7.35,1.05,2.1,3.01,,7.21,,3.01,3.85,,,4.41,5.04
2018-03-27,2.87,1.12,3.92,,2.1,2.94,,7.0,,3.22,4.06,,,4.55,6.02
2018-03-28,2.59,2.24,3.99,,2.1,2.03,0.0,6.72,,3.64,3.99,,,4.62,5.04
2018-03-29,2.8,3.5,2.1,,2.52,2.03,,5.88,,3.43,3.99,,,4.62,5.04
2018-03-30,2.52,7.35,12.67,5.04,1.96,4.06,,7.77,,3.15,3.29,,,4.55,6.02
2018-03-31,2.94,3.64,15.68,1.05,1.75,3.01,,10.78,,3.43,3.43,,,4.55,8.05
2018-04-01,,3.85,9.52,,2.45,2.03,,10.71,1004.0,3.43,3.22,,,4.06,5.04
2018-04-02,3.08,1.61,3.15,1.05,2.03,2.1,,4.83,,3.64,4.13,,,4.41,6.02
2018-04-03,2.94,1.96,2.66,3.01,1.96,2.03,,4.9,,4.2,4.62,,,4.9,5.04
2018-04-04,2.87,4.62,3.01,1.05,2.03,3.01,,8.47,,4.2,3.43,,,5.46,5.04
2018-04-05,2.94,6.02,2.03,,2.03,2.03,0.0,6.23,,3.5,3.22,0.21,,5.6,5.04
2018-04-06,,2.1,1.61,,2.03,2.1,0.0,5.25,,3.92,3.43,,,5.53,4.06
2018-04-07,,2.52,1.75,,1.96,2.59,0.0,5.04,,4.06,3.78,0.35,,4.41,5.04
2018-04-08,,4.06,2.38,2.03,2.1,3.01,0.0,5.04,,4.13,4.13,0.21,,5.81,6.02
2018-04-09,,3.64,2.45,1.05,1.89,2.66,0.0,4.97,,3.92,4.13,0.35,,6.3,5.04
2018-04-10,1.19,3.01,2.94,,2.1,2.03,0.0,14.0,,3.71,3.43,,,6.93,5.04
2018-04-11,4.34,4.83,4.27,2.03,1.82,2.03,0.0,8.05,,3.5,3.08,,,8.26,5.04
2018-04-12,3.5,7.7,1.96,,1.75,3.99,0.0,5.39,,3.5,3.85,0.56,,25.55,4.06
2018-04-13,5.11,7.14,1.75,1.05,1.82,2.17,0.0,4.83,,3.71,2.73,0.21,,38.785714285714285,4.06
2018-04-14,3.15,7.14,2.45,,2.03,2.24,0.0,4.97,1004.0,3.64,2.73,0.35,0.07,33.32,4.06
2018-04-15,2.66,7.42,3.64,3.01,1.96,3.71,0.0,12.81,1004.0,3.5,2.31,0.21,,38.785714285714285,4.06
2018-04-16,4.27,3.01,3.29,2.03,1.96,4.06,0.0,11.13,,4.41,2.17,0.63,,38.865306122448985,5.04
2018-04-17,5.46,7.0,3.36,2.03,1.89,3.01,0.0,6.09,,4.34,2.31,0.35,,4.06,4.06
2018-04-18,5.39,7.42,2.45,2.03,1.82,3.01,0.0,9.1,,3.92,2.87,0.84,0.14,3.71,4.06
2018-04-19,1.68,7.63,2.38,1.05,1.96,2.59,0.0,13.02,,4.06,2.17,0.21,,3.92,4.06
2018-04-20,3.43,3.43,5.11,,2.24,2.38,0.0,11.13,,3.36,1.89,0.21,0.14,3.71,5.04
2018-04-21,4.2,1.54,3.08,2.03,1.96,3.01,0.0,5.53,,3.71,2.38,0.63,,3.71,5.04
2018-04-22,3.78,4.2,2.1,3.01,1.96,3.01,0.0,7.49,,3.5,2.31,0.63,,3.5,5.04
2018-04-23,5.67,3.22,2.1,2.03,1.89,3.01,0.0,8.26,,3.5,2.1,0.42,,3.92,5.04
2018-04-24,5.18,2.8,2.03,,2.17,3.01,0.0,5.81,1004.0,3.43,2.1,0.63,,4.13,4.06
2018-04-25,2.31,1.96,1.61,1.05,2.38,3.01,0.0,5.39,,3.36,2.31,0.63,0.14,3.71,5.04
2018-04-26,3.15,2.24,1.68,2.03,2.03,4.27,0.0,5.25,,3.64,2.17,0.84,,3.92,5.04
2018-04-27,2.17,3.36,1.89,,2.45,2.94,0.0,5.04,1004.0,3.71,2.03,0.7,0.14,4.06,4.06
2018-04-28,1.4,7.42,4.9,,2.45,3.01,0.0,6.65,,3.64,1.68,0.7,0.14,4.06,4.06
2018-04-29,5.74,3.85,2.66,1.05,2.24,3.01,0.0,7.0,,3.43,1.96,0.42,,3.71,4.06
2018-04-30,3.5,8.61,1.96,2.03,2.1,2.1,0.0,5.11,,3.43,2.1,0.91,,3.64,5.04
2018-05-01,,1.54,2.94,1.05,2.1,2.31,0.0,7.0,,3.64,1.96,0.42,,3.71,4.06
2018-05-02,3.99,7.7,2.94,2.03,2.03,3.22,0.0,5.74,,3.85,2.38,0.56,,4.06,5.04
2018-05-03,4.62,7.7,2.73,1.05,2.38,3.01,0.0,5.04,34.16,3.85,2.31,0.42,,4.06,5.04
2018-05-04,6.02,7.63,3.01,1.05,2.24,3.01,0.0,9.1,43.64081632653061,3.5,1.96,0.7,,3.92,5.04
2018-05-05,2.03,4.06,2.17,,1.75,2.03,0.0,8.54,,3.43,1.54,0.35,0.56,4.06,5.04
2018-05-06,2.73,4.83,2.03,1.05,1.61,3.64,0.0,9.03,30.03,3.5,1.68,0.21,0.84,3.64,6.02
2018-05-07,6.58,3.22,2.03,1.05,1.82,2.17,0.0,6.79,8.05,3.5,1.61,0.35,1.33,3.71,6.02
2018-05-08,3.92,5.46,3.29,4.06,1.4,6.02,0.0,8.12,,3.64,2.31,0.63,1.33,3.71,5.04
2018-05-09,5.32,2.31,2.66,3.01,1.96,4.06,0.0,6.72,15.82,4.06,2.52,0.42,,3.71,4.06
2018-05-10,3.08,2.94,5.81,1.05,1.61,3.01,0.0,5.04,,4.2,2.31,0.56,,3.85,6.02
2018-05-11,4.41,1.96,3.08,1.05,2.1,2.03,0.0,4.06,,4.34,2.52,0.56,0.14,3.85,4.06
2018-05-12,0.42,1.61,3.01,,1.61,2.03,0.0,4.76,,4.41,2.8,0.63,0.21,3.5,4.06
2018-05-13,,1.61,5.46,,1.61,2.03,0.0,4.06,5.11,4.2,2.52,0.7,,3.71,4.06
2018-05-14,2.1,2.24,3.08,3.01,2.03,5.04,0.0,10.99,38.38775510204081,4.41,2.24,0.63,0.14,3.92,5.04
2018-05-15,3.36,7.63,3.64,2.03,1.89,4.06,0.0,9.03,42.68571428571428,4.41,2.31,0.56,0.28,4.06,6.02
2018-05-16,2.73,6.51,6.02,,1.82,2.03,0.0,10.99,,4.2,1.75,0.42,0.14,4.06,5.04
2018-05-17,5.46,3.36,10.01,,1.54,2.59,0.0,7.0,,4.13,2.1,0.35,,3.85,5.04
2018-05-18,2.24,7.84,5.88,2.03,1.75,3.01,0.0,6.02,,4.2,2.24,0.63,,3.92,5.04
2018-05-19,2.87,2.8,3.29,1.05,2.03,2.31,0.0,3.85,7.35,4.9,2.52,0.7,,3.71,4.06
2018-05-20,1.89,7.91,2.59,2.03,1.33,2.03,0.0,2.31,,4.34,2.45,0.63,,3.85,4.06
2018-05-21,2.03,7.91,2.52,2.03,2.1,2.03,0.0,7.42,14.0,4.41,2.24,0.7,0.14,3.85,4.06
2018-05-22,2.24,4.41,2.66,2.03,2.24,3.01,0.0,7.0,,10.64,2.31,0.91,0.42,3.92,4.06
2018-05-23,3.01,3.22,3.15,1.05,1.96,2.03,0.0,5.04,,10.22,2.1,0.56,0.35,3.85,4.06
2018-05-24,3.71,4.41,3.43,5.04,2.87,3.36,0.0,10.57,,9.66,1.89,0.35,,3.92,5.04
2018-05-25,2.03,4.2,3.78,1.05,2.94,3.01,0.0,20.02,,9.24,1.54,0.21,,4.13,5.04
2018-05-26,3.5,7.21,4.9,,3.15,2.87,0.0,9.87,,8.82,1.68,0.21,,4.13,9.03
2018-05-27,2.1,3.71,8.05,2.03,2.8,3.01,0.0,12.04,,9.1,1.82,,,3.85,6.02
2018-05-28,3.71,6.02,7.98,2.03,2.73,2.45,0.0,10.99,,8.96,2.45,0.35,,3.5,4.06
2018-05-29,1.47,8.12,3.99,3.01,2.24,3.64,0.0,7.42,66.32448979591837,8.82,2.24,0.35,0.98,3.5,5.04
2018-05-30,3.08,7.91,3.43,1.05,2.94,2.38,0.0,10.01,17.36,8.96,2.31,0.35,,3.5,5.04
2018-05-31,3.08,7.84,4.55,,3.15,2.03,0.0,11.06,,8.96,2.38,0.42,,3.43,5.04
2019-01-01,0.63,1.82,3.5,,2.94,3.01,0.0,5.04,73.56734693877551,,2.31,,7.21,6.44,3.64
2019-01-02,,1.75,6.02,,2.24,4.55,0.0,4.06,150.07551020408164,,2.45,,5.74,6.51,1.96
2019-01-03,,1.54,4.13,,3.15,5.04,0.0,4.55,51.759183673469394,,4.76,,6.3,6.65,2.1
2019-01-04,,2.24,4.76,,2.8,4.06,0.0,7.77,51.36122448979592,,2.59,,5.74,6.86,2.31
2019-01-05,,2.52,7.07,,3.43,5.04,0.0,5.95,146.07142857142856,,2.31,,6.44,6.44,2.45
2019-01-06,4.97,2.03,4.06,,2.66,4.06,0.0,7.0,94.90816326530613,,2.59,,7.84,6.3,2.59
2019-01-07,4.69,1.61,5.74,,3.36,3.01,0.0,7.0,312.85252525252525,,2.52,,6.16,6.3,8.05
2019-01-08,5.25,2.03,3.43,,3.85,2.38,0.0,6.44,61.46938775510204,,2.03,,7.14,6.16,7.0
2019-01-09,5.32,2.1,4.06,,3.08,6.02,0.0,9.03,66.56326530612246,,2.1,,6.23,6.02,6.02
2019-01-10,2.8,2.1,4.06,,2.73,3.01,0.0,7.91,115.59591836734694,,2.03,,6.58,6.02,7.0
2019-01-11,5.6,2.24,3.64,,3.01,3.01,0.0,5.74,336.7121212121212,,3.22,,6.79,6.02,5.04
2019-01-12,6.09,2.52,2.03,,3.15,4.13,0.0,5.32,299.6653061224489,,2.52,,6.44,6.16,5.04
2019-01-13,6.3,2.52,2.03,,3.01,1.68,0.0,4.55,68.07551020408164,,1.96,,6.72,6.23,5.04
2019-01-14,6.16,2.66,2.03,,3.15,3.01,0.0,7.84,51.99795918367346,,1.96,,6.72,6.51,6.02
2019-01-15,6.44,1.05,3.01,,2.73,6.02,0.0,4.2,,,2.38,2.31,6.16,6.23,4.06
2019-01-16,6.79,2.31,4.13,,3.43,4.06,0.0,5.04,51.759183673469394,,2.1,2.31,6.09,6.3,5.04
2019-01-17,6.3,2.66,5.53,,3.01,6.02,0.0,3.99,69.03061224489795,,1.75,2.45,6.02,7.0,5.04
2019-01-18,6.51,1.05,2.66,,2.73,3.5,0.0,3.08,68.4734693877551,,1.82,2.52,6.02,6.44,5.04
2019-01-19,6.16,2.1,2.03,,3.43,3.22,0.0,4.62,42.048979591836726,,1.82,2.66,7.56,6.16,5.04
2019-01-20,3.71,1.4,8.05,,2.31,3.01,0.0,3.01,195.3918367346939,,1.26,2.03,6.37,6.51,5.04
2019-01-21,6.02,1.12,6.3,,3.36,7.0,0.0,4.97,184.79591836734693,,1.82,2.03,9.17,6.51,6.02
2019-01-22,6.79,0.91,3.08,,3.36,3.01,0.0,3.85,258.48571428571427,,2.1,2.45,6.44,6.44,5.04
2019-01-23,5.46,1.4,2.03,,2.94,2.38,0.0,3.85,56.21632653061225,,1.96,2.24,6.23,6.3,6.02
2019-01-24,6.51,1.61,2.17,,3.36,3.01,0.0,3.64,49.689795918367345,,2.73,2.24,5.6,6.23,6.02
2019-01-25,6.23,3.01,2.45,,3.22,3.01,0.0,3.5,54.86326530612246,,3.99,2.24,5.88,6.65,6.02
2019-01-26,5.95,1.96,2.03,,2.94,2.03,0.0,3.29,29.4,,1.89,2.31,7.28,6.3,6.02
2019-01-27,5.25,1.33,0.98,,2.24,3.01,0.0,3.57,,,1.33,1.96,5.46,6.3,6.02
2019-01-28,5.67,3.71,2.24,,3.57,3.01,0.0,3.29,271.00816326530617,,1.61,2.1,6.72,6.3,6.02
2019-01-29,5.25,1.75,2.73,,3.22,3.01,0.0,4.06,46.26734693877551,,2.87,2.03,7.0,6.3,6.02
2019-01-30,5.32,1.54,2.52,,3.5,2.03,0.0,4.69,,,1.82,2.03,6.79,6.3,6.02
2019-01-31,4.34,1.4,2.03,,3.78,2.03,0.0,5.04,,,1.82,2.1,6.16,6.44,6.02
2019-02-01,4.27,3.01,2.59,,3.36,2.03,0.0,3.78,8.75,,1.61,2.31,,6.23,6.02
2019-02-02,5.6,2.1,3.15,,3.15,4.06,0.0,4.9,,,2.31,2.31,7.0,6.44,7.0
2019-02-03,6.16,4.55,4.2,,3.15,4.06,0.0,3.57,,,3.85,2.24,7.49,6.3,7.0
2019-02-04,5.67,4.34,2.94,,3.01,4.06,0.0,5.04,20.65,,6.37,2.24,6.3,6.3,6.02
2019-02-05,5.81,0.7,3.71,,3.15,4.69,0.0,8.05,46.98367346938775,,5.74,2.24,6.93,6.3,7.0
2019-02-06,6.23,0.63,3.64,,3.57,4.06,0.0,7.0,40.29795918367347,,11.2,2.24,7.84,6.3,7.0
2019-02-07,6.37,0.56,4.34,,3.99,4.06,0.0,6.02,41.41224489795919,,11.69,2.31,0.98,6.23,7.0
2019-02-08,5.6,0.84,2.03,,3.71,2.03,0.0,16.24,59.32040816326529,,10.5,1.75,0.35,6.51,5.04
2019-02-09,3.71,0.84,3.01,,3.36,4.06,0.0,10.15,235.36734693877548,,1.4,1.75,,6.65,5.04
2019-02-10,6.02,0.63,4.06,,2.87,3.01,0.0,4.41,167.2040816326531,,1.89,1.82,0.35,6.44,5.04
2019-02-11,5.53,0.7,2.8,,3.22,3.01,0.0,3.71,118.04285714285714,,1.89,2.1,0.42,6.44,6.02
2019-02-12,4.76,1.05,2.03,,3.01,3.01,0.0,6.3,65.68775510204081,,1.89,1.82,0.56,6.44,5.04
2019-02-13,5.18,0.91,5.25,,3.01,6.02,0.0,4.62,343.65858585858587,,1.47,1.75,1.19,6.3,5.04
2019-02-14,4.06,0.91,1.05,,2.73,2.03,0.0,3.64,350.3030303030303,,2.03,2.1,0.42,6.44,5.04
2019-02-15,5.6,0.7,2.31,,3.64,2.24,0.0,4.06,399.230303030303,,2.94,2.24,0.42,6.3,6.02
2019-02-16,6.16,0.7,2.94,,3.78,3.01,0.0,3.78,370.2363636363637,,4.34,2.45,0.98,6.44,6.02
2019-02-17,5.95,0.7,2.8,,3.15,2.03,0.0,5.32,313.7585858585859,,2.59,2.1,0.49,6.3,6.02
2019-02-18,5.18,0.7,2.87,,2.94,2.1,0.0,5.04,416.7474747474748,,1.82,2.03,0.77,6.23,6.02
2019-02-19,2.38,0.7,2.52,,2.94,2.03,0.0,3.99,382.6191919191919,,1.75,2.24,0.56,6.3,5.04
2019-02-20,0.56,0.91,2.03,,2.73,2.38,0.0,5.95,447.85555555555567,,1.82,2.31,0.49,6.3,4.06
2019-02-21,2.24,0.84,2.03,,2.94,2.03,0.0,3.99,368.4242424242424,,1.82,2.03,0.28,6.3,5.04
2019-02-22,2.94,0.7,2.03,,2.31,2.03,0.0,4.55,197.8,,1.82,2.03,0.35,6.65,5.04
2019-02-23,4.2,0.56,2.8,,2.8,4.06,0.0,5.04,204.78367346938782,,2.03,2.31,0.56,6.65,5.04
2019-02-24,3.22,0.7,2.03,,2.8,2.1,0.0,6.16,255.1142857142857,,1.47,1.61,0.77,6.65,5.04
2019-02-25,5.88,1.05,3.43,,2.38,2.03,0.0,4.69,311.6444444444444,,1.4,1.75,0.7,6.72,5.04
2019-02-26,3.36,1.4,2.8,,2.94,2.03,0.0,7.98,358.1555555555556,,1.47,1.75,1.47,6.86,5.04
2019-02-27,3.22,1.12,3.29,,2.73,2.03,0.0,8.61,320.40303030303033,,1.4,1.61,0.42,6.65,6.02
2019-02-28,4.76,0.91,3.29,,3.15,3.01,0.0,4.06,124.04897959183673,,1.89,1.82,1.05,6.65,6.02
2019-03-01,,1.26,3.22,,2.73,2.45,0.0,4.83,56.7734693877551,,1.61,2.1,1004.0,6.86,5.04
2019-03-02,3.08,0.91,6.02,,2.52,1.82,0.0,4.13,74.68163265306124,,1.75,1.96,497.68888888888887,6.86,5.04
2019-03-03,0.7,0.84,3.15,,2.94,2.03,0.0,4.62,59.32040816326529,,1.68,1.82,451.78181818181815,6.86,4.48
2019-03-04,1.89,0.91,3.43,,3.29,2.03,0.0,7.28,47.06326530612245,,1.61,1.75,1.96,6.65,5.04
2019-03-05,5.39,0.91,2.38,,3.5,3.01,0.0,6.02,157.86122448979594,,1.68,1.75,1004.0,6.86,5.04
2019-03-06,1.19,1.4,3.64,,3.08,4.06,0.0,4.83,264.0244897959184,,1.89,1.54,0.35,6.86,5.04
2019-03-07,2.73,1.33,4.13,,3.15,3.01,0.0,6.86,379.29696969696965,,2.17,1.82,1.19,6.93,5.04
2019-03-08,4.2,0.91,4.41,,2.66,2.66,0.0,4.76,478.6616161616162,,2.17,1.96,1.05,6.86,5.04
2019-03-09,2.17,0.91,2.8,,2.8,2.73,0.0,4.06,359.06161616161614,,2.17,2.24,0.63,6.86,5.04
2019-03-10,3.22,0.84,4.06,,2.73,4.06,0.0,5.53,177.43673469387755,,1.96,1.96,1.68,6.86,7.0
2019-03-11,2.1,1.12,3.78,,3.5,4.06,0.0,5.81,72.29387755102042,,2.31,2.03,0.49,6.86,5.04
2019-03-12,1.12,1.12,4.34,,3.15,4.06,0.0,6.02,98.4673469387755,,2.45,1.96,0.84,6.86,5.04
2019-03-13,1.19,0.91,2.03,,2.8,3.01,0.0,4.2,79.11428571428574,,2.24,2.1,1.05,6.72,5.04
2019-03-14,4.2,1.12,2.94,,2.8,3.01,0.0,7.0,72.61224489795919,,2.52,2.1,0.77,6.93,4.06
2019-03-15,3.15,1.12,3.36,,3.29,3.85,0.0,6.02,61.46938775510204,,1.47,1.75,1.05,6.86,4.06
2019-03-16,2.94,1.4,5.74,,3.5,5.04,0.0,5.32,68.63265306122449,,1.54,1.61,0.35,6.86,4.06
2019-03-17,2.87,1.4,3.85,,2.73,6.02,0.0,4.76,272.4530612244899,,1.68,1.75,0.49,6.72,4.06
2019-03-18,3.57,1.26,3.01,,2.31,4.06,0.0,5.04,398.92828282828276,,1.54,1.75,1.19,6.65,4.06
2019-03-19,2.03,1.33,3.22,,2.73,4.06,0.0,5.04,333.99393939393934,,1.82,2.03,0.14,6.65,4.06
2019-03-20,1.47,1.82,5.6,,2.8,4.06,0.0,9.03,185.51836734693882,,1.89,2.03,,6.72,4.06
2019-03-21,4.06,1.33,4.9,,3.22,5.04,0.0,6.02,58.12653061224489,,1.47,1.54,0.28,6.93,4.06
2019-03-22,3.85,1.05,3.78,,2.8,3.15,0.0,5.04,74.88775510204081,,1.89,1.82,0.77,6.72,4.06
2019-03-23,3.29,1.12,3.5,,3.01,2.8,0.0,3.71,462.9565656565657,,2.03,1.61,0.35,6.86,4.06
2019-03-24,0.84,1.12,4.62,,2.45,3.01,0.0,6.02,507.6555555555556,,1.96,1.54,0.28,6.86,5.04
2019-03-25,1.19,1.33,3.22,,2.8,2.03,0.0,7.0,308.9262626262626,,1.68,1.33,1.19,7.14,4.06
2019-03-26,2.31,1.96,3.15,,2.94,2.03,0.0,8.05,377.1828282828282,,1.61,1.33,0.35,6.93,4.06
2019-03-27,,1.33,5.04,,3.22,2.45,0.0,15.05,442.1171717171717,,1.47,1.33,0.7,7.35,6.02
2019-03-28,2.73,1.26,3.5,,3.15,3.01,0.0,5.53,510.6757575757576,,1.68,1.4,0.21,7.56,6.02
2019-03-29,,1.26,5.95,,3.22,3.01,0.0,4.69,,,2.24,1.75,0.21,7.21,5.04
2019-03-30,,1.12,4.2,,3.01,2.59,0.0,4.06,,,2.87,2.24,1.05,7.35,5.04
2019-03-31,,1.05,4.06,,2.52,3.01,0.0,5.04,,,1.89,1.75,0.35,7.0,5.04
2019-04-01,,1.12,2.59,,2.8,2.17,0.0,4.06,133.39183673469387,,1.96,1.75,0.28,7.0,5.04
2019-04-02,,1.05,3.29,,2.94,3.01,0.0,5.88,283.0489795918368,,2.17,1.82,0.42,7.14,5.04
2019-04-03,,1.05,3.15,,3.15,2.03,0.0,5.04,133.61428571428573,,2.1,1.75,0.21,7.42,4.06
2019-04-04,,1.26,3.08,,3.22,2.03,0.0,7.0,148.07346938775513,,2.24,1.96,1.4,7.56,4.06
2019-04-05,,1.26,3.5,,3.01,2.03,0.0,6.02,72.69183673469387,,2.03,2.1,0.84,,4.06
2019-04-06,,1.26,2.66,,3.01,2.03,0.0,4.06,,,1.82,1.61,0.77,,5.04
2019-04-07,,1.05,2.73,,2.52,2.03,0.0,4.62,75.0,,1.96,1.75,0.35,,4.06
2019-04-08,,1.12,2.03,,2.8,2.1,0.0,8.05,49.29183673469388,,1.47,1.61,0.42,,5.04
2019-04-09,,1.33,2.94,,2.94,2.03,0.0,7.0,54.14693877551021,,1.4,1.26,0.7,,5.04
2019-04-10,,1.12,3.01,,2.94,2.03,0.0,4.62,72.05510204081632,,1.89,1.54,1.33,,4.06
2019-04-11,,1.26,2.94,,3.15,2.03,0.0,4.97,162.08775510204075,,2.38,1.96,0.84,,5.04
2019-04-12,,1.26,2.03,,3.15,2.03,0.0,4.13,78.66938775510204,,2.03,1.61,0.91,,4.06
2019-04-13,,1.12,2.03,,3.15,2.03,0.0,4.34,33.25,,2.17,1.54,0.77,,4.06
2019-04-14,,1.26,3.64,,3.22,2.94,0.0,6.79,,,1.75,1.61,0.14,,4.06
2019-04-15,,1.33,4.41,,3.5,3.01,0.0,6.86,316.4767676767678,,1.96,1.61,0.84,,4.06
2019-04-16,,1.05,3.64,,3.22,2.52,0.0,5.18,192.74285714285716,,2.17,1.61,0.49,,4.06
2019-04-17,,0.91,2.8,,2.94,2.94,0.0,4.76,227.42040816326528,,2.52,1.54,0.77,,4.76
2019-04-18,,1.05,2.66,,3.36,2.03,0.0,4.76,250.05714285714282,,2.1,2.03,0.21,,5.04
2019-04-19,,1.4,3.01,,2.03,1.96,0.0,8.05,79.11428571428574,,1.54,1.26,0.07,,6.02
2019-04-20,,1.26,3.57,,3.36,2.03,0.0,5.39,356.64545454545447,,1.47,1.4,0.91,,6.02
2019-04-21,,1.12,4.55,,3.01,2.03,0.0,5.32,150.07551020408164,,1.89,1.54,0.98,,4.06
2019-04-22,,1.12,2.52,,3.01,2.1,0.0,4.2,169.87346938775502,,2.1,1.54,0.63,,4.06
2019-04-23,,1.26,2.87,,3.15,2.03,0.0,5.18,255.83673469387756,,2.52,2.03,0.21,,5.04
2019-04-24,,1.33,2.66,,2.73,2.03,0.0,6.44,416.44545454545465,,2.59,1.75,0.21,,4.06
2019-04-25,,1.33,3.15,,3.08,2.03,0.0,7.0,398.6262626262626,,2.45,1.4,1.05,,4.06
2019-04-26,,1.61,3.29,,3.22,3.01,0.0,16.03,170.31836734693874,,1.68,1.54,1.33,,5.04
2019-04-27,,1.75,6.93,,3.15,2.03,0.0,8.05,152.3,,2.17,1.82,1.33,,4.06
2019-04-28,,1.96,3.08,,2.73,2.03,0.0,5.46,213.6938775510204,,2.1,1.4,1.54,,4.06
2019-04-29,,1.54,2.17,,2.73,2.1,0.0,6.3,297.2571428571428,,2.03,1.33,0.49,,5.04
2019-04-30,,1.54,2.03,,2.73,2.03,0.0,7.0,403.76060606060605,,2.03,1.4,0.28,,5.04
2019-05-01,,1.4,2.59,,3.22,1.75,0.0,7.42,370.53838383838377,,1.54,1.4,0.28,,4.06
2019-05-02,,1.61,2.59,,2.31,2.03,0.0,6.65,303.27755102040817,,2.31,1.33,0.49,,4.2
2019-05-03,,1.54,2.66,,2.66,2.03,0.0,7.0,493.1585858585858,,2.17,1.82,0.49,,5.67
2019-05-04,,1.75,2.8,,2.66,2.03,0.0,10.22,308.3222222222222,,2.1,1.82,0.42,,5.04
2019-05-05,,1.82,3.78,,2.66,2.03,0.0,6.16,239.70204081632656,,1.75,1.61,0.28,,4.06
2019-05-06,,1.54,2.94,,2.52,2.03,0.0,7.0,82.6734693877551,,1.82,1.54,0.63,,4.06
2019-05-07,,1.4,2.73,,2.52,2.03,0.0,6.02,58.28571428571429,,2.03,1.61,0.77,7.0,4.06
2019-05-08,,1.61,2.87,,2.73,2.03,0.0,5.18,347.58484848484846,,1.89,1.75,0.7,6.86,5.04
2019-05-09,,1.75,3.01,,3.22,2.03,0.0,6.02,363.8939393939394,,2.17,1.82,0.84,3.64,5.04
2019-05-10,,1.54,3.57,,3.22,2.03,0.0,5.04,141.62244897959184,,2.24,1.75,0.91,3.01,5.04
2019-05-11,,1.54,2.8,,3.71,4.06,0.0,5.04,301.8326530612245,,2.1,2.03,0.56,3.22,4.06
2019-05-12,,1.54,3.43,,2.8,2.66,0.0,6.02,292.44081632653064,,2.24,1.96,0.28,3.01,5.04
2019-05-13,73.56734693877551,1.4,3.01,,3.15,3.01,0.0,6.09,0.56,,2.8,1.75,0.28,3.15,4.27
2019-05-14,,1.61,3.36,,3.64,2.8,0.0,6.02,0.21,,3.29,1.61,0.63,3.43,4.06
2019-05-15,,2.31,3.01,,3.36,3.15,0.0,7.77,0.28,,1.47,1.33,0.21,3.22,4.06
2019-05-16,0.35,1.96,2.45,,3.29,2.03,0.0,6.02,0.14,,1.54,,0.28,3.22,4.06
2019-05-17,0.07,1.75,2.03,,2.8,2.03,0.0,4.41,0.21,,1.75,,0.42,3.36,3.01
2019-05-18,,1.75,2.03,,3.01,2.03,0.0,5.04,0.14,,2.03,,0.91,3.15,4.06
2019-05-19,3.22,1.82,2.03,,2.52,2.24,0.0,4.55,0.63,,2.45,,1.4,3.22,4.06
2019-05-20,2.52,1.82,3.08,,3.08,2.03,0.0,6.02,0.63,,1.89,0.35,0.63,3.64,4.06
2019-05-21,1.19,1.82,3.01,,2.31,2.03,0.0,6.02,0.49,,2.17,0.21,1.4,3.5,4.06
2019-05-22,0.28,1.82,3.01,,3.01,2.03,0.0,4.41,0.21,,1.96,0.21,0.56,3.85,4.06
2019-05-23,0.14,1.75,2.03,,2.94,2.03,0.0,13.37,,,1.61,0.21,0.49,3.85,4.06
2019-05-24,2.52,2.03,3.01,,3.15,2.03,0.0,14.28,0.21,,1.47,0.21,0.49,4.55,4.06
2019-05-25,0.07,2.24,3.36,,3.71,3.01,0.0,14.0,,,1.4,,0.98,4.62,4.06
2019-05-26,0.07,2.45,3.29,,3.01,2.03,0.0,16.38,0.28,,1.33,0.21,1.05,4.55,5.04
2019-05-27,,2.24,3.71,,2.24,2.03,0.0,6.65,0.21,,1.47,0.21,0.21,4.13,5.04
2019-05-28,,1.96,4.06,,2.52,3.5,0.0,6.02,0.21,,1.75,,0.63,4.34,4.06
2019-05-29,,1.96,2.24,,1.54,2.03,0.0,5.74,0.21,,1.82,,0.77,4.83,4.06
2019-05-30,,1.96,3.01,,2.24,2.03,0.0,4.34,0.28,,1.68,0.21,0.28,5.46,4.06
2019-05-31,0.07,1.96,2.03,,3.99,1.33,0.0,7.0,0.14,,1.4,,0.07,6.3,4.06
2020-01-01,,,5.39,,1.26,2.38,7.35,,,26.74,1.96,1.68,1.54,2.66,4.9
2020-01-02,,,1.82,,1.05,2.03,2.8,,,26.46,1.54,1.61,0.84,2.52,4.13
2020-01-03,,,1.75,,1.82,2.03,2.8,,,26.46,1.75,1.68,0.91,2.66,4.62
2020-01-04,,,6.86,2.03,1.05,6.02,2.66,,,25.76,1.68,1.82,1.05,2.73,4.34
2020-01-05,,,5.95,7.0,1.61,6.02,0.0,,,24.85,1.82,,1.26,2.66,4.62
2020-01-06,4.83,,8.05,2.03,2.03,8.05,0.0,,,25.34,2.87,1.82,3.08,2.94,5.88
2020-01-07,1.61,,5.25,2.03,1.96,5.18,0.0,,,26.32,1.96,1.82,2.24,2.94,5.39
2020-01-08,1.47,,3.85,2.03,1.61,5.04,0.0,,0.07,,2.24,1.89,2.8,3.36,4.69
2020-01-09,1.82,,6.72,1.05,2.17,4.06,0.0,5.95,,,2.31,1.89,3.01,2.94,4.06
2020-01-10,1.05,,2.73,1.05,1.54,3.01,0.0,10.64,,,2.38,2.03,2.87,2.94,4.06
2020-01-11,1.82,,3.08,2.03,1.82,3.01,0.0,10.15,,,2.38,1.89,2.31,3.01,4.76
2020-01-12,1.54,,5.04,2.03,1.96,5.04,0.0,33.6,,,2.1,1.82,2.1,3.22,4.06
2020-01-13,2.1,,7.28,2.03,1.96,3.92,0.0,16.24,,,1.96,1.75,2.52,2.8,4.06
2020-01-14,1.89,,3.01,,2.45,3.29,0.0,17.36,,,1.89,1.82,2.59,3.01,3.71
2020-01-15,1.75,,4.83,3.01,2.31,4.06,0.0,10.99,,33.04,1.82,1.75,3.08,3.15,2.31
2020-01-16,1.54,,3.01,5.04,2.03,4.06,0.0,12.46,,28.0,1.68,1.82,2.17,3.15,3.01
2020-01-17,1.54,,5.53,2.03,1.61,4.06,0.0,,,26.32,1.68,1.75,2.1,2.8,4.06
2020-01-18,0.98,,12.81,,1.75,2.59,0.0,,,,1.68,1.82,1.12,,3.22
2020-01-19,1.12,,21.56,,1.75,1.47,0.0,8.4,,,1.47,1.75,1.89,,3.01
2020-01-20,1.33,,6.65,,1.26,1.96,0.0,17.15,,,1.54,1.68,0.91,2.8,3.01
2020-01-21,1.33,,9.87,,1.96,2.73,0.0,10.64,,29.26,1.68,1.75,1.26,2.8,3.64
2020-01-22,1.4,,3.78,2.03,1.68,3.99,0.0,6.86,,29.4,2.03,1.75,1.26,2.8,3.43
2020-01-23,1.4,,3.08,,1.82,3.01,0.0,5.32,,29.54,2.17,1.75,1.82,2.8,3.22
2020-01-24,1.82,,4.2,1.05,1.75,3.01,0.0,2.45,,29.33,1.68,1.68,2.8,2.73,3.15
2020-01-25,0.56,,5.74,1.05,1.33,2.73,0.0,4.97,,28.91,1.89,1.75,2.38,2.73,3.85
2020-01-26,0.77,,3.15,,1.4,3.01,0.0,5.74,,28.7,1.96,1.75,1.75,2.73,3.29
2020-01-27,0.98,,2.45,1.05,1.75,3.01,0.0,6.09,,28.7,2.38,1.82,1.54,2.73,3.57
2020-01-28,2.03,,2.66,1.05,1.47,2.94,0.0,4.9,0.35,28.7,2.24,1.82,1.19,2.73,3.99
2020-01-29,0.63,,3.29,1.05,1.75,2.73,0.0,341.24242424242425,0.21,28.42,2.1,1.89,2.87,2.8,3.99
2020-01-30,0.07,,0.77,,1.33,2.03,0.0,258.9673469387756,,28.35,1.89,1.82,2.31,2.8,4.06
2020-01-31,0.07,,1.33,,1.54,2.03,0.0,437.88888888888886,0.21,28.35,2.24,1.82,0.35,2.8,3.01
2020-02-01,,,1.68,,1.26,5.04,3.22,385.63939393939387,,28.14,1.82,1.82,,2.94,4.06
2020-02-02,0.07,,3.22,8.05,1.05,6.02,7.21,285.93877551020415,,27.44,1.89,1.75,1.19,2.73,4.06
2020-02-03,0.56,,2.8,,1.47,2.66,7.7,69.9857142857143,0.07,27.44,1.82,1.75,0.35,2.66,3.01
2020-02-04,1.75,,2.52,,1.26,2.66,7.0,60.91224489795918,0.14,27.86,1.89,1.75,0.84,2.73,3.78
2020-02-05,0.91,,2.03,,1.4,2.59,6.44,7.28,,28.14,1.82,1.68,2.66,2.66,3.64
2020-02-06,2.03,,2.03,,1.96,2.03,6.93,6.72,0.42,28.42,1.89,1.68,1.26,2.66,4.06
2020-02-07,2.03,,2.59,,2.52,3.01,7.63,7.35,0.21,28.21,2.45,1.75,2.38,2.73,4.06
2020-02-08,0.84,,3.01,2.03,2.03,3.01,7.42,10.01,0.07,28.21,2.31,1.89,2.73,2.94,4.06
2020-02-09,2.1,,3.57,1.05,1.33,3.01,6.44,10.08,,28.14,2.52,1.82,2.03,3.01,4.06
2020-02-10,0.63,,3.15,2.03,1.33,3.01,6.51,7.0,0.21,28.21,2.38,,2.45,2.94,4.06
2020-02-11,1.19,,3.01,2.03,1.54,3.08,4.55,7.28,0.14,28.35,2.24,1.89,2.52,2.8,4.2
2020-02-12,0.07,,2.66,1.05,1.4,2.03,4.2,7.56,0.21,28.35,2.17,1.75,1.75,2.73,4.06
2020-02-13,2.94,,2.94,2.03,1.68,3.01,4.34,8.05,0.14,28.35,2.03,1.82,1.4,2.8,4.06
2020-02-14,3.15,,5.25,,1.89,3.29,3.64,11.76,,28.56,1.89,1.75,1.19,2.94,3.64
2020-02-15,2.94,,7.28,,1.26,3.22,5.53,8.05,0.14,28.35,1.89,1.75,1.4,3.01,3.01
2020-02-16,3.15,,10.08,,1.61,3.29,7.21,17.5,0.14,29.05,1.82,1.75,2.59,3.01,3.01
2020-02-17,3.22,,6.72,2.03,1.54,3.01,6.93,10.01,0.14,29.26,1.96,1.82,2.24,3.01,3.78
2020-02-18,3.29,,4.27,3.01,1.89,4.69,5.25,12.88,0.21,30.1,2.59,1.89,1.75,2.94,3.22
2020-02-19,3.36,,8.26,2.03,1.05,4.55,3.15,11.27,0.21,30.94,2.1,1.96,1.33,2.8,3.01
2020-02-20,3.29,,4.06,3.01,1.61,4.06,4.41,14.42,0.21,32.2,2.1,1.89,1.82,3.01,4.06
2020-02-21,3.08,,1.61,,1.4,2.03,3.36,23.03,0.28,36.63673469387755,1.68,1.82,0.84,2.94,3.01
2020-02-22,2.94,,3.36,1.05,1.68,4.06,4.55,8.4,0.07,46.90408163265307,2.1,1.82,1.54,3.01,3.01
2020-02-23,3.15,,3.29,1.05,0.84,3.01,6.3,6.02,0.07,47.30204081632653,2.24,1.82,2.31,3.01,3.64
2020-02-24,3.15,,1.82,,1.4,2.87,5.81,7.0,,47.54081632653061,2.52,1.89,1.96,2.94,3.5
2020-02-25,3.01,,1.68,,1.54,2.66,5.53,7.56,,47.54081632653061,2.1,1.89,1.89,2.94,3.01
2020-02-26,3.15,,2.38,,1.12,3.01,2.94,13.65,0.28,47.461224489795924,1.82,1.82,0.98,2.94,3.5
2020-02-27,2.94,,6.44,,1.33,5.04,4.55,23.8,0.21,46.98367346938775,1.96,1.82,1.68,2.8,3.01
2020-02-28,0.49,,5.04,,1.4,5.04,6.3,12.04,0.14,46.98367346938775,1.89,1.82,1.89,2.94,3.71
2020-02-29,1.33,,7.0,,1.54,5.04,5.81,7.14,0.21,46.98367346938775,2.38,1.89,2.45,2.94,4.06
2020-03-01,0.07,,3.64,,0.84,3.01,6.23,8.05,0.14,47.222448979591825,2.24,1.89,2.03,2.94,3.01
2020-03-02,0.7,,3.57,,1.68,3.43,5.53,8.12,0.14,47.461224489795924,3.78,1.89,0.77,3.01,3.01
2020-03-03,0.84,,2.94,,2.03,2.31,7.14,18.2,0.07,47.54081632653061,2.03,1.89,1.12,2.94,3.01
2020-03-04,0.07,,1.54,,1.61,2.8,3.64,22.26,0.14,47.54081632653061,2.31,1.89,2.17,2.8,3.78
2020-03-05,3.08,,3.29,,2.1,3.29,4.06,26.81,0.14,47.54081632653061,1.89,1.89,3.22,2.94,4.06
2020-03-06,3.29,,1.82,,2.1,4.06,6.23,29.05,0.14,47.06326530612245,1.68,1.82,1.4,3.15,3.71
2020-03-07,0.07,,3.71,,2.24,5.04,5.25,28.77,0.21,47.06326530612245,1.75,1.89,2.38,3.15,3.78
2020-03-08,0.07,,1.05,,1.75,5.74,4.76,12.25,0.21,47.14285714285714,1.96,1.82,1.96,3.15,4.06
2020-03-09,0.35,,11.48,,1.89,5.39,4.55,14.0,0.14,47.222448979591825,2.1,1.82,2.31,3.01,3.01
2020-03-10,0.07,,4.48,,1.75,6.02,5.95,17.15,0.14,47.38163265306122,1.68,1.75,1.89,3.01,3.85
2020-03-11,0.07,,4.83,,1.68,5.04,4.41,19.11,0.21,47.461224489795924,1.75,1.82,3.08,3.15,4.06
2020-03-12,0.07,,4.55,,1.75,2.8,6.02,6.02,0.21,47.54081632653061,1.96,1.89,3.85,3.22,3.92
2020-03-13,3.22,,3.43,,1.96,2.03,7.35,16.03,0.21,,1.89,1.82,3.08,3.15,4.06
2020-03-14,3.5,,2.52,,1.75,4.06,4.83,44.277551020408154,,,1.96,1.96,3.64,3.15,4.06
2020-03-15,3.5,,1.12,,1.75,4.06,5.46,8.05,0.28,,1.75,2.1,1.33,3.01,3.92
2020-03-16,3.64,,3.29,,1.68,4.06,,3.85,0.28,,1.75,2.03,4.83,3.15,3.85
2020-03-17,3.22,,3.85,,1.33,3.01,,3.01,0.42,,1.82,1.96,3.29,3.01,3.78
2020-03-18,,,,,1.26,,,2.03,,,,,,,
2020-03-19,3.71,,4.2,,1.54,2.03,,4.06,,,1.96,,1.4,3.01,3.01
2020-03-20,3.99,,2.52,,1.4,3.01,3.85,3.43,,,2.24,1.89,3.85,3.01,4.06
2020-03-21,3.71,,7.07,,1.61,2.03,4.06,6.16,,,1.68,2.03,1.96,3.01,3.01
2020-03-22,3.71,,4.41,,1.33,3.29,5.95,4.34,,,1.75,2.03,2.52,3.15,3.01
2020-03-23,3.92,,15.68,,1.33,2.24,5.11,6.02,0.42,,1.89,2.1,3.43,3.15,4.06
2020-03-24,10.36,,6.93,,1.54,3.01,5.74,4.06,0.35,,2.1,2.1,4.62,3.22,4.06
2020-03-25,0.07,,9.17,,1.82,2.03,5.81,6.37,0.35,,1.96,2.17,3.22,3.15,3.01
2020-03-26,0.07,,4.76,,1.96,4.06,6.65,11.06,0.28,,2.17,2.24,4.13,3.15,3.01
2020-03-27,0.21,,3.71,,1.26,2.03,8.26,4.13,0.28,,2.45,2.38,2.8,3.22,3.22
2020-03-28,0.28,,2.66,,1.47,3.01,5.74,4.34,0.63,,3.08,2.24,2.52,3.15,3.01
2020-03-29,0.07,,4.62,,1.26,3.01,4.06,9.17,0.49,,1.82,2.24,2.31,3.15,3.01
2020-03-30,0.21,,4.27,,1.33,3.01,8.4,15.05,0.28,,1.89,2.17,3.22,3.15,3.57
2020-03-31,0.07,,3.01,,1.54,2.59,4.83,6.3,0.35,,1.89,2.24,2.94,3.15,4.06
2020-04-01,,,3.43,,1.61,2.03,4.62,13.51,0.42,,1.89,2.24,2.24,3.15,3.01
2020-04-02,0.07,,1.82,,1.33,3.01,6.44,4.62,0.28,,2.1,2.17,3.71,3.22,4.06
2020-04-03,0.07,,1.33,,1.12,2.45,5.74,6.23,0.42,,2.17,2.17,4.69,3.43,4.06
2020-04-04,0.07,,1.33,,1.05,2.03,4.41,5.39,0.49,,2.45,,1.75,3.36,4.06
2020-04-05,0.07,,8.26,,0.84,2.03,3.71,558.6969696969696,0.35,,1.96,,2.66,3.01,4.06
2020-04-06,0.07,,2.87,,1.12,2.03,3.92,5.95,0.42,,2.03,,2.52,3.15,4.06
2020-04-07,0.07,,3.5,,1.12,2.94,3.85,5.18,0.56,,2.24,,3.78,3.15,4.06
2020-04-08,0.07,,1.89,,1.05,2.03,3.64,,0.77,,2.45,,3.78,3.22,4.06
2020-04-09,0.07,,2.31,,1.68,2.03,3.85,,0.91,,2.66,,3.15,3.15,4.06
2020-04-10,0.07,,1.54,,1.47,3.01,3.64,,1.05,,2.8,,3.99,3.22,5.04
2020-04-11,0.07,,1.61,,0.91,2.03,3.15,,0.77,,2.73,,4.13,3.43,4.06
2020-04-12,0.14,,1.47,,1.4,2.03,3.36,,0.63,,2.31,,1.75,1.75,3.01
2020-04-13,0.07,,1.89,,1.33,2.03,5.04,4.27,0.84,,2.59,2.03,1.47,3.01,3.01
2020-04-14,0.63,,4.34,,1.26,2.03,2.94,5.18,0.63,,2.45,2.03,4.13,3.22,2.87
2020-04-15,0.28,,2.87,,1.82,3.99,3.43,4.06,0.7,,2.52,2.17,3.36,3.15,3.01
2020-04-16,0.07,,3.22,,1.4,3.01,3.01,4.76,0.63,,2.31,0.63,3.29,3.01,3.01
2020-04-17,0.07,,2.17,,1.82,3.01,3.85,3.08,0.49,,2.31,0.77,2.52,3.15,3.01
2020-04-18,0.07,,2.03,,1.4,3.01,3.15,5.04,0.56,,2.52,0.84,2.66,2.52,3.01
2020-04-19,0.07,,1.4,,1.05,2.03,3.15,4.41,0.7,,2.52,0.77,1.68,1.75,3.01
2020-04-20,0.07,,1.4,,0.98,2.17,4.41,4.55,0.56,,2.38,0.77,3.08,1.61,3.01
2020-04-21,0.56,,1.82,,1.4,2.03,3.5,5.18,0.77,,2.17,0.7,4.34,1.61,3.01
2020-04-22,0.35,,1.19,,1.47,2.03,3.85,4.83,0.63,,2.03,0.77,2.31,1.54,3.01
2020-04-23,0.84,,1.26,,1.19,2.03,3.64,4.69,0.42,,2.45,0.77,3.64,1.75,3.01
2020-04-24,1.05,,2.31,,1.33,3.01,4.34,4.2,1.54,,2.1,0.84,3.15,2.03,5.04
2020-04-25,0.56,,1.68,,1.4,2.03,4.13,4.76,1.68,,1.89,0.84,4.34,2.31,4.06
2020-04-26,0.42,,2.1,,1.47,2.03,2.94,7.14,0.35,,1.4,,1.96,3.22,6.02
2020-04-27,0.63,,16.1,,1.47,2.03,2.8,8.05,0.14,,1.47,,4.97,2.8,4.06
2020-04-28,0.28,,2.94,,1.4,2.1,3.71,5.04,,,1.54,0.56,4.62,2.45,4.06
2020-04-29,,,0.7,,1.47,2.03,3.5,7.42,,,1.68,0.63,2.1,2.03,4.06
2020-04-30,1.4,,19.6,,1.19,2.03,3.01,13.44,0.21,,1.47,0.63,2.66,3.43,4.06
2020-05-01,,,2.94,,1.12,2.03,3.85,7.7,0.07,,1.54,0.63,3.22,2.52,3.01
2020-05-02,1.12,,1.68,,0.91,2.03,3.43,6.58,,,1.54,0.56,2.87,2.24,3.01
2020-05-03,0.98,,2.59,,1.26,2.03,3.71,7.56,0.14,,1.75,0.63,2.87,2.45,3.01
2020-05-04,0.35,,5.18,,1.05,2.03,4.13,7.77,,,1.89,0.63,2.31,2.66,3.01
2020-05-05,0.21,,3.36,,1.12,2.45,4.34,12.81,,,1.75,0.56,2.73,3.64,3.01
2020-05-06,0.77,,2.1,,1.33,2.03,3.15,6.02,0.07,,1.68,0.56,2.94,2.66,3.01
2020-05-07,0.07,,3.57,,1.12,2.03,3.15,5.32,,,1.47,0.56,3.08,2.03,3.01
2020-05-08,0.21,,0.35,,1.33,2.03,3.43,5.04,,,1.82,0.56,3.15,2.45,3.01
2020-05-09,0.14,,0.21,,1.05,2.03,2.73,3.5,,,1.61,0.56,3.01,2.45,4.06
2020-05-10,0.14,,0.91,,1.19,2.03,2.94,5.88,,,1.47,,3.92,3.5,4.06
2020-05-11,0.21,,1.05,,1.33,2.03,2.31,3.01,,,1.4,,4.48,2.73,3.01
2020-05-12,0.28,,0.21,,1.54,2.03,3.22,3.22,,,1.96,0.63,3.71,3.64,3.01
2020-05-13,0.28,,0.7,,1.05,2.03,3.15,4.06,,,1.82,1.82,3.99,3.71,3.01
2020-05-14,0.21,,0.98,,1.4,2.03,3.22,5.04,,,2.03,2.03,2.8,3.64,4.06
2020-05-15,0.28,,2.03,,1.33,2.03,3.43,5.04,,,1.96,2.03,3.08,3.85,3.01
2020-05-16,0.21,,0.14,,1.05,2.03,3.22,4.2,,,2.38,2.17,1.75,3.43,3.01
2020-05-17,0.14,,0.07,,1.26,3.01,4.41,6.37,,,1.75,2.38,4.2,3.92,2.03
2020-05-18,0.14,,0.84,,1.75,2.03,4.13,6.02,2.87,,1.68,1.75,3.85,3.85,3.01
2020-05-19,0.07,,0.56,,1.26,2.03,4.13,5.25,,,2.94,1.33,3.57,4.13,3.01
2020-05-20,0.07,,2.38,,1.05,2.24,4.06,10.01,,,1.96,1.47,2.17,3.92,3.01
2020-05-21,0.07,,0.42,,1.12,2.03,3.43,9.73,,,1.82,1.54,4.13,4.06,3.01
2020-05-22,0.07,,2.1,,0.84,2.17,4.13,4.9,,,1.26,1.33,2.31,3.92,3.01
2020-05-23,0.07,,2.38,,0.91,2.1,3.43,4.76,,,1.82,2.52,3.99,3.5,3.01
2020-05-24,0.07,,2.24,,0.91,2.24,3.15,4.83,,,1.96,2.38,1.61,2.45,3.01
2020-05-25,1.05,,2.17,,1.33,2.31,3.43,5.11,,,1.89,2.31,2.31,3.5,3.01
2020-05-26,1.26,,2.45,,1.54,2.38,3.22,5.81,0.07,,1.82,2.1,2.87,3.5,4.06
2020-05-27,1.19,,3.08,,1.82,3.01,3.22,7.98,,,0.28,1.82,2.45,3.64,3.57
2020-05-28,1.05,,2.24,,1.75,2.24,4.06,8.4,,,1.89,1.54,2.24,3.71,3.01
2020-05-29,0.56,,2.03,,1.26,2.03,3.5,4.69,,,0.28,,2.38,3.85,3.01
2020-05-30,,,3.15,,1.12,2.03,3.43,5.81,,,0.21,,1.68,3.85,3.5
2020-05-31,,,4.83,,0.98,2.24,3.43,10.85,,,1.54,,1.82,2.66,4.06
